snid,timestamp [UNIX],sntime,T_air [°C],T_soil [°C],H_air [%RH],H_soil [%RH],x_nt,x_vs,x_bat,x_art,x_rst,x_ic,x_adc,x_usart,fault
41CC57CC,1628741279,17019,14.5,20,95.5,27.188,0,0.03,0,0,0,0,0.03,0,0
41CC57CC,1628741886,17020,14.594,19.938,95.188,27.188,0,0.03,0,0,0,0,0,0,0
41CC57CC,1628742479,17021,14.5,19.875,95.094,27.188,0,0.03,0,0,0,0,0.03,0,0
41CC57CC,1628743079,17022,14.391,19.75,95.297,27.188,0,0.03,0,0,0,0,0.03,0,0
41CC57CC,1628743679,17023,14.5,19.688,95.391,27.188,0,0.03,0,0,0,0,0,0,0
41CC57CC,1628744279,17024,14.594,19.625,95.5,27.328,0,0.03,0,0,0,0,0,0,0
41CC57CC,1628744879,17025,14.797,19.562,95.094,27.328,0,0.03,0,0,0,0,0,0,0
41CC57CC,1628745479,17026,15,19.5,94.797,27.328,0,0.03,0,0,0,0,0.03,0,0
41CC57CC,1628746079,17027,15.297,19.438,95.391,27.469,0,0.03,0,0,0,0,0.03,0,0
41CC57CC,1628746679,17028,15.594,19.375,94.891,27.469,0,0.03,0,0,0,0,0.03,0,0
41CC57CC,1628747279,17029,16,19.312,95,27.469,0,0.03,0,0,0,0,0.03,0,0
41CC57CC,1628747879,17030,16.297,19.25,93.5,27.469,0,0.03,0,0,0,0,0.03,0,0
41CC57CC,1628748479,17031,16.688,19.188,93.188,27.469,0,0.03,0,0,0,0,0,0,0
41CC57CC,1628749079,17032,17.094,19.188,92.797,27.469,0,0.03,0,0,0,0,0.03,0,0
41CC57CC,1628749679,17033,17.5,19.125,92.688,27.609,0,0.03,0,0,0,0,0.03,0,0
41CC57CC,1628750279,17034,18,19.062,91.891,27.609,0,0.03,0,0,0,0,0.03,0,0
41CC57CC,1628750879,17035,18.5,19,91.297,27.609,0,0.03,0,0,0,0,0.03,0,0
41CC57CC,1628751479,17036,19.094,18.938,90.391,27.609,0,0.03,0,0,0,0,0.03,0,0
41CC57CC,1628752079,17037,19.797,18.938,88.891,27.609,0,0.03,0,0,0,0,0.03,0,0
41CC57CC,1628752679,17038,20.297,18.875,87.391,27.609,0,0.03,0,0,0,0,0,0,0
41CC57CC,1628753279,17039,21.188,18.875,85.094,27.609,0,0.03,0,0,0,0,0.03,0,0
41CC57CC,1628753879,17040,25.688,18.875,73.5,27.609,0,0.03,0,0,0,0,0.03,0,0
41CC57CC,1628754479,17041,31,18.875,55,27.609,0,0.03,0,0,0,0,0,0,0
41CC57CC,1628755079,17042,33.797,18.875,58.391,27.469,0,0.03,0,0,0,0,0.03,0,0
41CC57CC,1628755679,17043,34.891,18.875,48.797,27.328,0,0.03,0,0,0,0,0,0,0
41CC57CC,1628756279,17044,35.797,18.938,52.688,27.188,0,0.03,0,0,0,0,0,0,0
41CC57CC,1628756879,17045,36.594,19,48.188,26.906,0,0.03,0,0,0,0,0.03,0,0
41CC57CC,1628757479,17046,36.297,19.062,48.797,26.766,0,0.03,0,0,0,0,0.03,0,0
41CC57CC,1628758079,17047,35.594,19.125,43.891,26.625,0,0.03,0,0,0,0,0.03,0,0
41CC57CC,1628758679,17048,35.797,19.188,43,26.625,0,0.03,0,0,0,0,0,0,0
41CC57CC,1628759279,17049,36,19.312,40.391,26.625,0,0.03,0,0,0,0,0,0,0
41CC57CC,1628759879,17050,34.891,19.375,47.094,26.484,0,0.03,0,0,0,0,0,0,0
41CC57CC,1628760479,17051,34.797,19.5,40.594,26.484,0,0.03,0,0,0,0,0.03,0,0
41CC57CC,1628761079,17052,34.797,19.625,45.688,26.484,0,0.03,0,0,0,0,0,0,0
41CC57CC,1628761679,17053,33.891,19.812,47.391,26.484,0,0.03,0,0,0,0,0,0,0
41CC57CC,1628762279,17054,33.094,19.938,43.188,26.484,0,0.03,0,0,0,0,0,0,0
41CC57CC,1628762879,17055,32.594,20.062,50.5,26.484,0,0.03,0,0,0,0,0.03,0,0
41CC57CC,1628763479,17056,32.297,20.188,47.891,26.484,0,0.03,0,0,0,0,0,0,0
41CC57CC,1628764079,17057,32.5,20.312,44.594,26.359,0,0.03,0,0,0,0,0,0,0
41CC57CC,1628764679,17058,31.891,20.438,48.391,26.359,0,0.03,0,0,0,0,0.03,0,0
41CC57CC,1628765279,17059,31.797,20.562,50.688,26.359,0,0.03,0,0,0,0,0.03,0,0
41CC57CC,1628765879,17060,31.594,20.688,44.094,26.359,0,0.03,0,0,0,0,0,0,0
41CC57CC,1628766479,17061,31.094,20.812,47.688,26.359,0,0.03,0,0,0,0,0.03,0,0
41CC57CC,1628767079,17062,31.297,21,49.297,26.359,0,0.03,0,0,0,0,0.03,0,0
41CC57CC,1628767679,17063,31.297,21.125,47.297,26.359,0,0.03,0,0,0,0,0,0,0
41CC57CC,1628768279,17064,31.297,21.188,47.688,26.359,0,0.03,0,0,0,0,0,0,0
41CC57CC,1628768879,17065,31.094,21.312,47.188,26.359,0,0.03,0,0,0,0,0.03,0,0
41CC57CC,1628769479,17066,30.5,21.438,52.297,26.359,0,0.03,0,0,0,0,0.03,0,0
41CC57CC,1628770079,17067,30.797,21.5,52.094,26.359,0,0.03,0,0,0,0,0.03,0,0
41CC57CC,1628770679,17068,30.688,21.625,47.594,26.359,0,0.03,0,0,0,0,0.03,0,0
41CC57CC,1628771279,17069,30.594,21.75,46.391,26.359,0,0.03,0,0,0,0,0,0,0
41CC57CC,1628771879,17070,30.797,21.812,47.188,26.219,0,0.03,0,0,0,0,0,0,0
41CC57CC,1628772479,17071,30.391,21.938,50.391,26.219,0,0.03,0,0,0,0,0,0,0
41CC57CC,1628773079,17072,31.094,22,49.094,26.219,0,0.03,0,0,0,0,0,0,0
41CC57CC,1628773679,17073,31.688,22.125,47.297,26.219,0,0.03,0,0,0,0,0.03,0,0
41CC57CC,1628774279,17074,32.094,22.188,44.594,26.219,0,0.03,0,0,0,0,0.03,0,0
41CC57CC,1628774879,17075,32.391,22.25,44.391,26.219,0,0.03,0,0,0,0,0,0,0
41CC57CC,1628775479,17076,32.094,22.312,46.594,26.219,0,0.03,0,0,0,0,0.03,0,0
41CC57CC,1628776079,17077,33.188,22.438,45,26.219,0,0.03,0,0,0,0,0.03,0,0
41CC57CC,1628776679,17078,34.094,22.5,44.688,26.219,0,0.03,0,0,0,0,0.03,0,0
41CC57CC,1628777279,17079,34.297,22.562,42.797,26.219,0,0.03,0,0,0,0,0.03,0,0
41CC57CC,1628777879,17080,34.391,22.625,42,26.078,0,0.03,0,0,0,0,0,0,0
41CC57CC,1628778479,17081,34.094,22.75,45.5,26.078,0,0.03,0,0,0,0,0.03,0,0
41CC57CC,1628779079,17082,34.594,22.812,45.297,26.078,0,0.03,0,0,0,0,0.03,0,0
41CC57CC,1628779679,17083,34.688,22.875,42.094,26.078,0,0.03,0,0,0,0,0.03,0,0
41CC57CC,1628780279,17084,35,23,43.594,26.078,0,0.03,0,0,0,0,0.03,0,0
41CC57CC,1628780885,17085,35.188,23.062,46.594,26.078,0,0.03,0,0,0,0,0,0,0
41CC57CC,1628781479,17086,35.188,23.125,42.188,26.078,0,0.03,0,0,0,0,0.03,0,0
41CC57CC,1628782079,17087,35.391,23.188,46.094,26.078,0,0.03,0,0,0,0,0.03,0,0
41CC57CC,1628782679,17088,35,23.312,46,26.078,0,0.03,0,0,0,0,0.03,0,0
41CC57CC,1628783287,17089,34.797,23.375,47.688,26.078,0,0.03,0,0,0,0,0.03,0,0
41CC57CC,1628783879,17090,34.297,23.438,44.797,26.078,0,0.03,0,0,0,0,0,0,0
41CC57CC,1628784497,17091,33.688,23.5,49.594,26.078,0,0.03,0,0,0,0,0.03,0,0
41CC57CC,1628785079,17092,32.5,23.625,50.297,26.078,0,0.03,0,0,0,0,0.03,0,0
41CC57CC,1628785679,17093,31.594,23.688,52.188,26.078,0,0.03,0,0,0,0,0,0,0
41CC57CC,1628786279,17094,30.688,23.75,53.5,26.078,0,0.03,0,0,0,0,0,0,0
41CC57CC,1628786879,17095,29.391,23.812,55,26.078,0,0.03,0,0,0,0,0.03,0,0
41CC57CC,1628787479,17096,27.5,23.875,60.188,26.078,0,0.03,0,0,0,0,0,0,0
41CC57CC,1628788079,17097,26.297,23.875,64.797,26.078,0,0.03,0,0,0,0,0.03,0,0
41CC57CC,1628788679,17098,25.297,23.875,66.891,26.766,0,0.03,0,0,0,0,0.03,0,0
41CC57CC,1628789279,17099,24.297,23.875,72.5,26.766,0,0.03,0,0,0,0,0,0,0
41CC57CC,1628789879,17100,23.594,23.938,75.688,26.766,0,0.03,0,0,0,0,0,0,0
41CC57CC,1628790479,17101,23.094,23.938,76,26.766,0,0.03,0,0,0,0,0.03,0,0
41CC57CC,1628791079,17102,22.5,23.938,78.391,26.906,0,0.03,0,0,0,0,0,0,0
41CC57CC,1628791679,17103,22.188,23.938,81.5,26.906,0,0.03,0,0,0,0,0.03,0,0
41CC57CC,1628792279,17104,21.688,23.938,82.391,26.906,0,0.03,0,0,0,0,0.03,0,0
41CC57CC,1628792879,17105,21.297,23.938,84.797,26.906,0,0.03,0,0,0,0,0.03,0,0
41CC57CC,1628793479,17106,21,23.938,87,26.906,0,0.03,0,0,0,0,0.03,0,0
41CC57CC,1628794079,17107,20.688,23.938,87.688,26.906,0,0.03,0,0,0,0,0.03,0,0
41CC57CC,1628794679,17108,20.297,23.938,88.891,27.047,0,0.03,0,0,0,0,0.03,0,0
41CC57CC,1628795279,17109,20.094,23.938,89.391,27.047,0,0.03,0,0,0,0,0.03,0,0
41CC57CC,1628795879,17110,19.891,23.938,90.094,27.047,0,0.03,0,0,0,0,0,0,0
41CC57CC,1628796479,17111,19.688,23.875,90.594,27.188,0,0.03,0,0,0,0,0,0,0
41CC57CC,1628797079,17112,19.5,23.875,90.797,27.188,0,0.03,0,0,0,0,0,0,0
41CC57CC,1628797679,17113,19.297,23.875,91.5,27.188,0,0.03,0,0,0,0,0.03,0,0
41CC57CC,1628798279,17114,19.094,23.812,91.5,27.188,0,0.03,0,0,0,0,0.03,0,0
41CC57CC,1628798879,17115,19,23.812,91.891,27.188,0,0.03,0,0,0,0,0,0,0
41CC57CC,1628799479,17116,18.797,23.75,92.297,27.328,0,0.03,0,0,0,0,0.03,0,0
41CC57CC,1628800079,17117,18.797,23.75,92.688,27.328,0,0.03,0,0,0,0,0.03,0,0
41CC57CC,1628800679,17118,18.688,23.688,92.594,27.328,0,0.03,0,0,0,0,0.03,0,0
41CC57CC,1628801279,17119,18.594,23.625,93.188,27.328,0,0.03,0,0,0,0,0.03,0,0
41CC57CC,1628801879,17120,18.5,23.625,92.594,27.328,0,0.03,0,0,0,0,0,0,0
41CC57CC,1628802479,17121,18.297,23.562,92.797,27.328,0,0.03,0,0,0,0,0.03,0,0
41CC57CC,1628803079,17122,18.094,23.5,93.188,27.328,0,0.03,0,0,0,0,0.03,0,0
41CC57CC,1628803679,17123,18.094,23.438,93.391,27.328,0,0.03,0,0,0,0,0,0,0
41CC57CC,1628804279,17124,17.891,23.438,93.594,27.328,0,0.03,0,0,0,0,0.03,0,0
41CC57CC,1628804879,17125,17.797,23.375,93.688,27.469,0,0.03,0,0,0,0,0.03,0,0
41CC57CC,1628805479,17126,17.594,23.312,93.797,27.469,0,0.03,0,0,0,0,0,0,0
41CC57CC,1628806079,17127,17.594,23.25,94.188,27.609,0,0.03,0,0,0,0,0.03,0,0
41CC57CC,1628806679,17128,17.5,23.188,94.094,27.469,0,0.03,0,0,0,0,0.03,0,0
41CC57CC,1628807279,17129,17.391,23.188,94.797,27.609,0,0.03,0,0,0,0,0.03,0,0
41CC57CC,1628807886,17130,17.5,23.062,94.594,27.609,0,0.03,0,0,0,0,0.03,0,0
41CC57CC,1628808479,17131,17.297,23.062,94.391,27.609,0,0.03,0,0,0,0,0,0,0
41CC57CC,1628809079,17132,17.297,23,95,27.609,0,0.03,0,0,0,0,0.03,0,0
41CC57CC,1628809679,17133,17.188,22.938,94.797,27.609,0,0.03,0,0,0,0,0,0,0
41CC57CC,1628810279,17134,17.094,22.875,94.891,27.609,0,0.03,0,0,0,0,0.03,0,0
41CC57CC,1628810879,17135,17,22.812,94.797,27.609,0,0.03,0,0,0,0,0,0,0
41CC57CC,1628811479,17136,16.891,22.75,95,27.609,0,0.03,0,0,0,0,0.03,0,0
41CC57CC,1628812079,17137,16.688,22.688,95,27.609,0,0.03,0,0,0,0,0.03,0,0
41CC57CC,1628812679,17138,16.594,22.625,95,27.609,0,0.03,0,0,0,0,0.03,0,0
41CC57CC,1628813279,17139,16.5,22.562,95.188,27.75,0,0.03,0,0,0,0,0.03,0,0
41CC57CC,1628813879,17140,16.391,22.5,95,27.75,0,0.03,0,0,0,0,0.03,0,0
41CC57CC,1628814479,17141,16.297,22.438,95.297,27.75,0,0.03,0,0,0,0,0,0,0
41CC57CC,1628815079,17142,16.297,22.375,95.391,27.75,0,0.03,0,0,0,0,0,0,0
41CC57CC,1628815679,17143,16.297,22.312,95.297,27.891,0,0.03,0,0,0,0,0,0,0
41CC57CC,1628816279,17144,16.188,22.25,95.188,27.891,0,0.03,0,0,0,0,0.03,0,0
41CC57CC,1628816879,17145,16.094,22.188,95.5,27.891,0,0.03,0,0,0,0,0,0,0
41CC57CC,1628817479,17146,16,22.125,95.391,28.031,0,0.03,0,0,0,0,0.03,0,0
41CC57CC,1628818079,17147,16,22.062,95.297,28.031,0,0.03,0,0,0,0,0.03,0,0
41CC57CC,1628818679,17148,15.891,22,95.594,28.031,0,0.03,0,0,0,0,0.03,0,0
41CC57CC,1628819279,17149,15.797,21.938,95.391,28.031,0,0.03,0,0,0,0,0.03,0,0
41CC57CC,1628819879,17150,15.594,21.875,95.594,28.031,0,0.03,0,0,0,0,0.03,0,0
41CC57CC,1628820479,17151,15.594,21.812,95.594,28.031,0,0.03,0,0,0,0,0.03,0,0
41CC57CC,1628821079,17152,15.594,21.75,96.094,28.031,0,0.03,0,0,0,0,0.03,0,0
41CC57CC,1628821684,17153,15.5,21.688,95.891,28.031,0,0.03,0,0,0,0,0,0,0
41CC57CC,1628822279,17154,15.5,21.625,95.891,28.172,0,0.03,0,0,0,0,0.03,0,0
41CC57CC,1628822879,17155,15.5,21.5,95.797,28.031,0,0.03,0,0,0,0,0,0,0
41CC57CC,1628823479,17156,15.594,21.438,96.188,28.172,0.09,0.03,0,0,0,0,0.03,0,0
41CC57CC,1628824079,17157,15.594,21.375,96.188,28.172,0.09,0.03,0,0,0,0,0.03,0,0
41CC57CC,1628824679,17158,15.297,21.312,95.5,28.172,0,0.03,0,0,0,0,0.03,0,0
41CC57CC,1628825279,17159,15.188,21.25,95.891,28.172,0,0.03,0,0,0,0,0.03,0,0
41CC57CC,1628825879,17160,15.094,21.188,95.688,28.172,0,0.03,0,0,0,0,0,0,0
41CC57CC,1628826479,17161,15,21.125,95.891,28.172,0,0.03,0,0,0,0,0,0,0
41CC57CC,1628827079,17162,14.891,21.062,95.594,28.172,0,0.03,0,0,0,0,0.03,0,0
41CC57CC,1628827679,17163,14.797,21,95.797,28.172,0,0.03,0,0,0,0,0.03,0,0
41CC57CC,1628828279,17164,14.797,20.938,96,28.172,0,0.03,0,0,0,0,0.03,0,0
41CC57CC,1628828879,17165,14.797,20.812,96.094,28.172,0,0.03,0,0,0,0,0.03,0,0
41CC57CC,1628829479,17166,14.797,20.75,95.891,28.172,0,0.03,0,0,0,0,0.03,0,0
41CC57CC,1628830079,17167,14.688,20.688,95.891,28.172,0,0.03,0,0,0,0,0.03,0,0
41CC57CC,1628830679,17168,14.797,20.625,96,28.172,0.09,0.03,0,0,0,0,0.03,0,0
41CC57CC,1628831279,17169,15.094,20.562,96,28.172,0.09,0.03,0,0,0,0,0.03,0,0
41CC57CC,1628831879,17170,15.297,20.5,95.688,28.172,0,0.03,0,0,0,0,0.03,0,0
41CC57CC,1628832479,17171,15.688,20.438,95.391,28.172,0,0.03,0,0,0,0,0.03,0,0
41CC57CC,1628833079,17172,16,20.375,95.594,28.172,0.02,0.03,0,0,0,0,0.03,0,0
41CC57CC,1628833679,17173,16.5,20.312,95.688,28.172,0,0.03,0,0,0,0,0,0,0
41CC57CC,1628834279,17174,16.797,20.25,94.891,28.172,0,0.03,0,0,0,0,0.03,0,0
41CC57CC,1628834879,17175,17.297,20.188,95,28.172,0,0.03,0,0,0,0,0.03,0,0
41CC57CC,1628835479,17176,17.688,20.125,94.297,28.297,0,0.03,0,0,0,0,0.03,0,0
41CC57CC,1628836080,17177,18.094,20.062,94,28.297,0.02,0.03,0,0,0,0,0.03,0,0
41CC57CC,1628836679,17178,18.688,20,93.188,28.297,0,0.03,0,0,0,0,0.03,0,0
41CC57CC,1628837280,17179,19.188,19.938,92.188,28.297,0.02,0.03,0,0,0,0,0.03,0,0
41CC57CC,1628837880,17180,19.688,19.938,91.391,28.297,0.02,0.03,0,0,0,0,0.03,0,0
41CC57CC,1628838480,17181,20.297,19.875,90.5,28.297,0,0.03,0,0,0,0,0.03,0,0
41CC57CC,1628839084,17182,20.797,19.875,90.5,28.297,0.02,0.03,0,0,0,0,0.03,0,0
41CC57CC,1628839680,17183,21.594,19.812,87.797,28.297,0.02,0.03,0,0,0,0,0.03,0,0
41CC57CC,1628840280,17184,24.891,19.812,76.094,28.297,0,0.03,0,0,0,0,0.03,0,0
41CC57CC,1628840880,17185,31.188,19.812,66.5,28.172,0,0.03,0,0,0,0,0,0,0
41CC57CC,1628841480,17186,34.594,19.812,54.188,28.031,0.02,0.03,0,0,0,0,0,0,0
41CC57CC,1628842080,17187,36.391,19.812,53.688,27.891,0.02,0.03,0,0,0,0,0.03,0,0
41CC57CC,1628842680,17188,37.297,19.875,51.297,27.75,0.02,0.03,0,0,0,0,0,0,0
41CC57CC,1628843280,17189,37.297,19.875,45.594,27.609,0,0.03,0,0,0,0,0.03,0,0
41CC57CC,1628843880,17190,36.094,20,46.094,27.469,0.02,0.03,0,0,0,0,0.03,0,0
41CC57CC,1628844480,17191,35.594,20.062,55.891,27.469,0,0.05,0,0,0,0,0.03,0,0
41CC57CC,1628845080,17192,36.391,20.125,48.094,27.469,0.02,0.03,0,0,0,0,0.03,0,0
41CC57CC,1628845680,17193,35.797,20.25,41.5,27.328,0,0.03,0,0,0,0,0,0,0
41CC57CC,1628846280,17194,33.688,20.312,49.5,27.328,0.02,0.03,0,0,0,0,0.03,0,0
41CC57CC,1628846880,17195,33.594,20.438,51.5,27.328,0,0.03,0,0,0,0,0,0,0
41CC57CC,1628847480,17196,34.688,20.562,48.188,27.328,0,0.03,0,0,0,0,0.03,0,0
41CC57CC,1628848080,17197,33.594,20.688,46.188,27.328,0,0.03,0,0,0,0,0.03,0,0
41CC57CC,1628848680,17198,32.594,20.812,49.391,27.328,0,0.03,0,0,0,0,0.03,0,0
41CC57CC,1628849280,17199,32.094,21,47.391,27.328,0,0.03,0,0,0,0,0.03,0,0
41CC57CC,1628849880,17200,32,21.062,47.797,27.328,0,0.03,0,0,0,0,0.03,0,0
41CC57CC,1628850479,17201,31.594,21.25,54,27.188,0,0.03,0,0,0,0,0.03,0,0
41CC57CC,1628851079,17202,31.688,21.375,47.797,27.188,0,0.03,0,0,0,0,0.03,0,0
41CC57CC,1628851679,17203,31.297,21.5,48.297,27.188,0,0.03,0,0,0,0,0,0,0
41CC57CC,1628852279,17204,30.188,21.625,51.891,27.188,0,0.03,0,0,0,0,0.03,0,0
41CC57CC,1628852879,17205,29.594,21.75,56.391,27.188,0,0.03,0,0,0,0,0.03,0,0
41CC57CC,1628853479,17206,29.594,21.812,55.391,27.188,0,0.03,0,0,0,0,0.03,0,0
41CC57CC,1628854086,17207,29.891,21.938,58.797,27.188,0,0.03,0,0,0,0,0,0,0
41CC57CC,1628854680,17208,30.5,22.062,58.188,27.188,0,0.03,0,0,0,0,0,0,0
41CC57CC,1628855280,17209,31,22.125,51.297,27.188,0,0.03,0,0,0,0,0.03,0,0
41CC57CC,1628855880,17210,31.094,22.25,54.891,27.047,0,0.03,0,0,0,0,0.03,0,0
41CC57CC,1628856480,17211,31.594,22.312,50.297,27.047,0,0.03,0,0,0,0,0.03,0,0
41CC57CC,1628857080,17212,31.094,22.438,53,27.047,0.02,0.03,0,0,0,0,0.03,0,0
41CC57CC,1628857680,17213,31.5,22.5,52.094,27.047,0.02,0.03,0,0,0,0,0.03,0,0
41CC57CC,1628858280,17214,31.891,22.625,48.688,27.047,0,0.03,0,0,0,0,0.03,0,0
41CC57CC,1628858880,17215,32.297,22.688,50.688,27.047,0,0.03,0,0,0,0,0.03,0,0
41CC57CC,1628859480,17216,32.5,22.75,51.297,27.047,0,0.03,0,0,0,0,0.03,0,0
41CC57CC,1628860080,17217,32.797,22.875,51.5,27.047,0.02,0.03,0,0,0,0,0,0,0
41CC57CC,1628860680,17218,32.891,22.938,53.188,26.906,0,0.03,0,0,0,0,0.03,0,0
41CC57CC,1628861280,17219,33.5,23,48.688,26.906,0,0.03,0,0,0,0,0.03,0,0
41CC57CC,1628861886,17220,34,23.125,46.797,26.906,0,0.03,0,0,0,0,0.03,0,0
41CC57CC,1628862480,17221,34.5,23.188,49.688,26.906,0,0.03,0,0,0,0,0.03,0,0
41CC57CC,1628863080,17222,35.5,23.25,48.891,26.906,0,0.03,0,0,0,0,0,0,0
41CC57CC,1628863680,17223,36.297,23.375,43.391,27.047,0,0.03,0,0,0,0,0.03,0,0
41CC57CC,1628864280,17224,36.297,23.438,49.5,26.906,0.02,0.03,0,0,0,0,0.03,0,0
41CC57CC,1628864880,17225,36.688,23.562,45.297,26.906,0.02,0.03,0,0,0,0,0.03,0,0
41CC57CC,1628865480,17226,36.188,23.625,48.391,26.906,0,0.03,0,0,0,0,0.03,0,0
41CC57CC,1628866080,17227,36.188,23.688,46.5,26.906,0,0.03,0,0,0,0,0,0,0
41CC57CC,1628866680,17228,36.094,23.75,47,26.906,0,0.03,0,0,0,0,0,0,0
41CC57CC,1628867280,17229,35.5,23.875,45.797,26.906,0,0.03,0,0,0,0,0,0,0
41CC57CC,1628867880,17230,35.5,23.938,44.797,26.766,0,0.03,0,0,0,0,0,0,0
41CC57CC,1628868480,17231,35.594,24.062,44.188,26.766,0,0.03,0,0,0,0,0,0,0
41CC57CC,1628869080,17232,35,24.125,44.5,26.766,0,0.03,0,0,0,0,0,0,0
41CC57CC,1628869680,17233,34.891,24.188,44.891,26.766,0,0.03,0,0,0,0,0.03,0,0
41CC57CC,1628870280,17234,33.594,24.25,48.188,26.766,0,0.03,0,0,0,0,0,0,0
41CC57CC,1628870880,17235,32.891,24.375,51.797,26.766,0,0.03,0,0,0,0,0.03,0,0
41CC57CC,1628871480,17236,31.594,24.438,56.297,26.906,0,0.03,0,0,0,0,0.03,0,0
41CC57CC,1628872080,17237,30.5,24.5,58.188,26.906,0,0.03,0,0,0,0,0,0,0
41CC57CC,1628872680,17238,29.688,24.562,64.594,26.906,0,0.03,0,0,0,0,0.03,0,0
41CC57CC,1628873280,17239,29.594,24.625,64,26.906,0,0.03,0,0,0,0,0.03,0,0
41CC57CC,1628873885,17240,29.094,24.688,67,27.047,0,0.03,0,0,0,0,0,0,0
41CC57CC,1628874480,17241,28.094,24.75,69.5,27.047,0,0.03,0,0,0,0,0,0,0
41CC57CC,1628875080,17242,26.797,24.75,75.391,27.047,0,0.03,0,0,0,0,0.03,0,0
41CC57CC,1628875680,17243,26,24.812,78.5,27.047,0,0.03,0,0,0,0,0.03,0,0
41CC57CC,1628876299,17244,25.188,24.875,81.688,27.047,0,0.03,0,0,0,0,0,0,0
41CC57CC,1628876880,17245,24.594,24.875,84,27.188,0,0.03,0,0,0,0,0.03,0,0
41CC57CC,1628877480,17246,24.094,24.938,86,27.188,0,0.03,0,0,0,0,0.03,0,0
41CC57CC,1628878080,17247,23.688,24.938,87.297,27.188,0,0.03,0,0,0,0,0.03,0,0
41CC57CC,1628878680,17248,23.297,24.938,88.594,27.609,0,0.03,0,0,0,0,0.03,0,0
41CC57CC,1628879280,17249,23,25,90.094,27.609,0,0.03,0,0,0,0,0.03,0,0
41CC57CC,1628879880,17250,22.688,25,90.688,27.609,0,0.03,0,0,0,0,0.03,0,0
41CC57CC,1628880480,17251,22.5,25,91.094,27.609,0,0.03,0,0,0,0,0.03,0,0
41CC57CC,1628881080,17252,22.188,25,91.391,27.75,0,0.03,0,0,0,0,0.03,0,0
41CC57CC,1628881680,17253,22,25,91.891,27.75,0,0.03,0,0,0,0,0.03,0,0
41CC57CC,1628882280,17254,21.797,25,91.891,27.75,0,0.03,0,0,0,0,0,0,0
41CC57CC,1628882880,17255,21.688,25,92.594,27.75,0,0.03,0,0,0,0,0.03,0,0
41CC57CC,1628883480,17256,21.594,24.938,93,27.75,0,0.03,0,0,0,0,0.03,0,0
41CC57CC,1628884080,17257,21.5,24.938,93,27.75,0,0.03,0,0,0,0,0.03,0,0
41CC57CC,1628884680,17258,21.297,24.938,92.688,27.891,0,0.03,0,0,0,0,0.03,0,0
41CC57CC,1628885280,17259,21.188,24.875,93,27.891,0,0.03,0,0,0,0,0.03,0,0
41CC57CC,1628885880,17260,21,24.875,92.797,27.891,0,0.03,0,0,0,0,0.03,0,0
41CC57CC,1628886480,17261,20.797,24.812,92.797,27.891,0,0.03,0,0,0,0,0.03,0,0
41CC57CC,1628887080,17262,20.688,24.812,93.297,27.891,0,0.03,0,0,0,0,0.03,0,0
41CC57CC,1628887680,17263,20.594,24.812,94,27.891,0,0.03,0,0,0,0,0.03,0,0
41CC57CC,1628888280,17264,20.5,24.75,94.188,27.891,0,0.03,0,0,0,0,0,0,0
41CC57CC,1628888880,17265,20.5,24.688,94.094,27.891,0,0.03,0,0,0,0,0,0,0
41CC57CC,1628889480,17266,20.297,24.688,93.391,27.891,0,0.03,0,0,0,0,0.03,0,0
41CC57CC,1628890080,17267,20,24.625,93.688,27.891,0,0.03,0,0,0,0,0.03,0,0
41CC57CC,1628890680,17268,19.797,24.625,93.797,27.891,0,0.03,0,0,0,0,0,0,0
41CC57CC,1628891280,17269,19.797,24.562,94.594,27.891,0,0.03,0,0,0,0,0,0,0
41CC57CC,1628891880,17270,19.594,24.5,94.094,27.891,0,0.03,0,0,0,0,0.03,0,0
41CC57CC,1628892480,17271,19.594,24.5,94.891,28.031,0,0.03,0,0,0,0,0.03,0,0
41CC57CC,1628893080,17272,19.688,24.438,94.891,27.891,0,0.03,0,0,0,0,0.03,0,0
41CC57CC,1628893680,17273,19.5,24.375,94.188,27.891,0,0.03,0,0,0,0,0.03,0,0
41CC57CC,1628894280,17274,19.391,24.312,94.891,27.891,0,0.03,0,0,0,0,0.03,0,0
41CC57CC,1628894880,17275,19.297,24.312,94.297,28.031,0,0.03,0,0,0,0,0.03,0,0
41CC57CC,1628895480,17276,19.188,24.25,95,28.031,0,0.03,0,0,0,0,0.03,0,0
41CC57CC,1628896080,17277,19,24.188,94.688,28.031,0,0.03,0,0,0,0,0.03,0,0
41CC57CC,1628896680,17278,19,24.125,94.594,28.031,0,0.03,0,0,0,0,0,0,0
41CC57CC,1628897280,17279,18.797,24.062,94.5,28.031,0,0.03,0,0,0,0,0.03,0,0
41CC57CC,1628897880,17280,18.797,24,95.297,28.031,0,0.03,0,0,0,0,0,0,0
41CC57CC,1628898480,17281,18.797,24,94.594,28.031,0,0.03,0,0,0,0,0.03,0,0
41CC57CC,1628899080,17282,18.5,23.938,94.891,28.031,0,0.03,0,0,0,0,0,0,0
41CC57CC,1628899680,17283,18.5,23.875,95.188,28.031,0,0.03,0,0,0,0,0,0,0
41CC57CC,1628900280,17284,18.5,23.812,95.094,28.031,0,0.03,0,0,0,0,0,0,0
41CC57CC,1628900880,17285,18.297,23.75,94.891,28.031,0,0.03,0,0,0,0,0.03,0,0
41CC57CC,1628901485,17286,18.188,23.688,95.188,28.031,0,0.03,0,0,0,0,0.03,0,0
41CC57CC,1628902080,17287,18.094,23.625,95.5,28.031,0,0.03,0,0,0,0,0.03,0,0
41CC57CC,1628902680,17288,18.094,23.562,95.594,28.031,0,0.03,0,0,0,0,0.03,0,0
41CC57CC,1628903280,17289,18.094,23.5,95.594,28.031,0,0.03,0,0,0,0,0.03,0,0
41CC57CC,1628903880,17290,18,23.438,95.5,28.031,0,0.03,0,0,0,0,0,0,0
41CC57CC,1628904480,17291,18,23.375,95.797,28.172,0,0.03,0,0,0,0,0.03,0,0
41CC57CC,1628905080,17292,18.094,23.312,95.891,28.031,0,0.03,0,0,0,0,0.03,0,0
41CC57CC,1628905680,17293,18.188,23.25,95.891,28.172,0,0.03,0,0,0,0,0.03,0,0
41CC57CC,1628906280,17294,18.391,23.188,96,28.172,0,0.03,0,0,0,0,0,0,0
41CC57CC,1628906880,17295,18.391,23.125,95.094,28.172,0,0.03,0,0,0,0,0.03,0,0
41CC57CC,1628907480,17296,18.391,23.062,95.594,28.172,0,0.03,0,0,0,0,0.03,0,0
41CC57CC,1628908080,17297,18.391,23,95.688,28.172,0,0.03,0,0,0,0,0,0,0
41CC57CC,1628908680,17298,18.688,22.938,95.891,28.172,0,0.03,0,0,0,0,0.03,0,0
41CC57CC,1628909280,17299,18.688,22.875,95.188,28.172,0,0.03,0,0,0,0,0.03,0,0
41CC57CC,1628909880,17300,18.5,22.812,95.391,28.172,0,0.03,0,0,0,0,0,0,0
41CC57CC,1628910480,17301,18.391,22.812,95.594,28.172,0,0.03,0,0,0,0,0.03,0,0
41CC57CC,1628911080,17302,18.391,22.75,95.891,28.297,0,0.03,0,0,0,0,0.03,0,0
41CC57CC,1628911680,17303,18.688,22.688,96.594,28.297,0,0.03,0,0,0,0,0.03,0,0
41CC57CC,1628912280,17304,18.797,22.625,96.5,28.297,0,0.03,0,0,0,0,0.03,0,0
41CC57CC,1628912880,17305,18.594,22.562,95.891,28.438,0,0.03,0,0,0,0,0.03,0,0
41CC57CC,1628913480,17306,18.594,22.5,96.688,28.438,0,0.03,0,0,0,0,0.03,0,0
41CC57CC,1628914080,17307,18.5,22.438,96.5,28.297,0,0.03,0,0,0,0,0.03,0,0
41CC57CC,1628914680,17308,18.297,22.438,96.188,28.438,0,0.03,0,0,0,0,0.03,0,0
41CC57CC,1628915280,17309,18.297,22.375,96.5,28.438,0,0.03,0,0,0,0,0.03,0,0
41CC57CC,1628915880,17310,18.297,22.312,96.594,28.438,0,0.03,0,0,0,0,0.03,0,0
41CC57CC,1628916480,17311,18.391,22.25,96.5,28.438,0,0.03,0,0,0,0,0.03,0,0
41CC57CC,1628917080,17312,18.5,22.188,96.594,28.438,0,0.03,0,0,0,0,0.03,0,0
41CC57CC,1628917680,17313,18.594,22.188,96.594,28.438,0,0.03,0,0,0,0,0,0,0
41CC57CC,1628918280,17314,19,22.125,97.188,28.438,0,0.03,0,0,0,0,0,0,0
41CC57CC,1628918880,17315,19.188,22.062,96.391,28.438,0,0.03,0,0,0,0,0.03,0,0
41CC57CC,1628919480,17316,19.391,22,95.688,28.438,0,0.03,0,0,0,0,0.03,0,0
41CC57CC,1628920080,17317,19.891,22,96.5,28.578,0,0.03,0,0,0,0,0,0,0
41CC57CC,1628920680,17318,20.391,21.938,96.594,28.578,0,0.03,0,0,0,0,0,0,0
41CC57CC,1628921280,17319,20.797,21.875,95.891,28.578,0,0.03,0,0,0,0,0.03,0,0
41CC57CC,1628921880,17320,21.188,21.875,95.5,28.578,0,0.03,0,0,0,0,0.03,0,0
41CC57CC,1628922480,17321,21.5,21.812,95,28.578,0,0.03,0,0,0,0,0.03,0,0
41CC57CC,1628923080,17322,22.094,21.812,93.594,28.578,0,0.03,0,0,0,0,0.03,0,0
41CC57CC,1628923680,17323,22.5,21.812,93,28.578,0,0.03,0,0,0,0,0.03,0,0
41CC57CC,1628924280,17324,22.891,21.75,92.5,28.719,0,0.03,0,0,0,0,0.03,0,0
41CC57CC,1628924880,17325,23.391,21.75,91.594,28.719,0,0.03,0,0,0,0,0.03,0,0
41CC57CC,1628925480,17326,24.188,21.75,90,28.578,0,0.03,0,0,0,0,0.03,0,0
41CC57CC,1628926080,17327,25.5,21.75,83.688,28.578,0,0.03,0,0,0,0,0,0,0
41CC57CC,1628926680,17328,26.594,21.75,78.594,28.578,0,0.03,0,0,0,0,0.03,0,0
41CC57CC,1628927280,17329,30.094,21.75,63.594,28.578,0,0.03,0,0,0,0,0.03,0,0
41CC57CC,1628927880,17330,33.297,21.75,57.797,28.438,0,0.03,0,0,0,0,0.03,0,0
41CC57CC,1628928480,17331,35,21.812,51.797,28.297,0,0.03,0,0,0,0,0.03,0,0
41CC57CC,1628929080,17332,34.094,21.875,53.594,28.297,0,0.03,0,0,0,0,0,0,0
41CC57CC,1628929687,17333,35.297,21.938,54.297,28.031,0,0.03,0,0,0,0,0,0,0
41CC57CC,1628930280,17334,36.188,22,49.5,27.891,0,0.03,0,0,0,0,0,0,0
41CC57CC,1628930880,17335,35.891,22.062,53.891,27.75,0,0.03,0,0,0,0,0,0,0
41CC57CC,1628931480,17336,35.688,22.125,51.891,27.75,0,0.03,0,0,0,0,0.03,0,0
41CC57CC,1628932080,17337,34.391,22.25,49.5,27.609,0,0.03,0,0,0,0,0,0,0
41CC57CC,1628932680,17338,33.594,22.312,52.297,27.609,0,0.03,0,0,0,0,0.03,0,0
41CC57CC,1628933280,17339,32.688,22.438,52.297,27.609,0,0.03,0,0,0,0,0,0,0
41CC57CC,1628933880,17340,31.891,22.562,56.891,27.469,0,0.03,0,0,0,0,0.03,0,0
41CC57CC,1628934480,17341,31.688,22.688,59.688,27.469,0,0.03,0,0,0,0,0.03,0,0
41CC57CC,1628935080,17342,33.297,22.812,56.797,27.469,0,0.03,0,0,0,0,0.03,0,0
41CC57CC,1628935680,17343,33.594,22.938,50.594,27.328,0,0.03,0,0,0,0,0,0,0
41CC57CC,1628936280,17344,33,23,50.797,27.328,0,0.03,0,0,0,0,0.03,0,0
41CC57CC,1628936880,17345,32.891,23.125,51.5,27.328,0,0.03,0,0,0,0,0.03,0,0
41CC57CC,1628937480,17346,32.5,23.25,47.297,27.328,0,0.03,0,0,0,0,0,0,0
41CC57CC,1628938080,17347,33.094,23.312,48.797,27.328,0,0.03,0,0,0,0,0,0,0
41CC57CC,1628938680,17348,33.188,23.438,48.391,27.188,0,0.03,0,0,0,0,0,0,0
41CC57CC,1628939280,17349,33.094,23.5,48.391,27.188,0,0.03,0,0,0,0,0,0,0
41CC57CC,1628939880,17350,33.188,23.625,48.688,27.188,0,0.03,0,0,0,0,0.03,0,0
41CC57CC,1628940480,17351,32.891,23.688,48.094,27.188,0,0.03,0,0,0,0,0.03,0,0
41CC57CC,1628941080,17352,32.891,23.812,49.5,27.188,0,0.03,0,0,0,0,0,0,0
41CC57CC,1628941680,17353,32.594,23.875,49.5,27.188,0,0.03,0,0,0,0,0.03,0,0
41CC57CC,1628942284,17354,32.594,24,52.891,27.047,0,0.03,0,0,0,0,0.03,0,0
41CC57CC,1628942880,17355,32.391,24.062,50,27.047,0,0.03,0,0,0,0,0.03,0,0
41CC57CC,1628943539,17356,32.688,24.125,48.797,27.047,0,0.03,0,0,0,0,0,0,0
41CC57CC,1628944139,17357,32.594,24.25,48.797,27.047,0,0.03,0,0,0,0,0.03,0,0
41CC57CC,1628944738,17358,32.594,24.312,50.594,27.047,0,0.03,0,0,0,0,0.03,0,0
41CC57CC,1628945338,17359,33.188,24.375,49.391,27.047,0,0.03,0,0,0,0,0.03,0,0
41CC57CC,1628946538,17360,33.5,24.5,48.797,26.906,0,0.03,0,0,0,0,0.03,0,0
41CC57CC,1628947138,17361,34.391,24.562,46,26.906,0,0.03,0,0,0,0,0,0,0
41CC57CC,1628947738,17362,34.688,24.625,43,26.906,0,0.03,0,0,0,0,0.03,0,0
41CC57CC,1628948338,17363,34.094,24.688,47.094,26.906,0,0.03,0,0,0,0,0.03,0,0
41CC57CC,1628948939,17364,34.891,24.75,46.297,26.906,0,0.03,0,0,0,0,0,0,0
41CC57CC,1628949539,17365,35.5,24.812,46.297,26.766,0,0.03,0,0,0,0,0.03,0,0
41CC57CC,1628950139,17366,35.5,24.875,45.188,26.766,0,0.03,0,0,0,0,0.03,0,0
41CC57CC,1628950739,17367,35.391,24.938,43.297,26.766,0,0.03,0,0,0,0,0.03,0,0
41CC57CC,1628951339,17368,35.188,25,45.188,26.766,0,0.03,0,0,0,0,0,0,0
41CC57CC,1628951939,17369,35.5,25.062,46,26.766,0,0.03,0,0,0,0,0,0,0
41CC57CC,1628952539,17370,35.297,25.125,44,26.766,0,0.03,0,0,0,0,0.03,0,0
41CC57CC,1628953139,17371,35.688,25.188,44.797,26.766,0,0.03,0,0,0,0,0,0,0
41CC57CC,1628953746,17372,35.391,25.25,43.891,26.625,0,0.03,0,0,0,0,0.03,0,0
41CC57CC,1628954339,17373,35.094,25.312,44.797,26.625,0,0.03,0,0,0,0,0.03,0,0
41CC57CC,1628954963,17374,35.188,25.375,44.391,26.625,0,0.03,0,0,0,0,0.03,0,0
41CC57CC,1628955539,17375,34.891,25.438,42.094,26.625,0,0.03,0,0,0,0,0,0,0
41CC57CC,1628956139,17376,34.797,25.5,45.594,26.625,0,0.03,0,0,0,0,0.03,0,0
41CC57CC,1628956739,17377,34.594,25.562,46.688,26.625,0,0.03,0,0,0,0,0.03,0,0
41CC57CC,1628957339,17378,34.094,25.625,48.5,26.625,0,0.03,0,0,0,0,0.03,0,0
41CC57CC,1628957939,17379,32.891,25.688,52.5,26.625,0,0.03,0,0,0,0,0,0,0
41CC57CC,1628958539,17380,30.891,25.688,57.094,26.625,0,0.03,0,0,0,0,0.03,0,0
41CC57CC,1628959143,17381,29.891,25.75,60.797,26.625,0,0.03,0,0,0,0,0.03,0,0
41CC57CC,1628959739,17382,28.891,25.812,64.688,26.625,0,0.03,0,0,0,0,0,0,0
41CC57CC,1628960339,17383,28,25.812,68.297,26.625,0,0.03,0,0,0,0,0.03,0,0
41CC57CC,1628960939,17384,27.391,25.875,71.297,26.625,0,0.03,0,0,0,0,0.03,0,0
41CC57CC,1628961539,17385,26.797,25.875,73.797,26.766,0,0.03,0,0,0,0,0.03,0,0
41CC57CC,1628962142,17386,26.188,25.938,75.594,26.766,0,0.03,0,0,0,0,0.03,0,0
41CC57CC,1628962739,17387,25.797,25.938,77.391,26.766,0,0.03,0,0,0,0,0.03,0,0
41CC57CC,1628963359,17388,25.297,25.938,79.188,26.766,0,0.03,0,0,0,0,0,0,0
41CC57CC,1628963939,17389,24.797,26,80.5,26.766,0,0.03,0,0,0,0,0.03,0,0
41CC57CC,1628964539,17390,24.297,26,82.688,26.766,0,0.03,0,0,0,0,0,0,0
41CC57CC,1628965139,17391,24,26,85.094,26.906,0,0.03,0,0,0,0,0.03,0,0
41CC57CC,1628965759,17392,23.688,26,86.5,26.906,0,0.03,0,0,0,0,0.03,0,0
41CC57CC,1628966339,17393,23.391,26,87.688,27.047,0,0.03,0,0,0,0,0,0,0
41CC57CC,1628966959,17394,23.094,26,89.094,27.047,0,0.03,0,0,0,0,0,0,0
41CC57CC,1628967539,17395,22.891,25.938,90.188,27.047,0,0.03,0,0,0,0,0.03,0,0
41CC57CC,1628968139,17396,22.594,25.938,90.188,27.047,0,0.03,0,0,0,0,0,0,0
41CC57CC,1628968739,17397,22.297,25.938,90.594,27.188,0,0.03,0,0,0,0,0.03,0,0
41CC57CC,1628969339,17398,22.188,25.938,90.797,27.188,0,0.03,0,0,0,0,0.03,0,0
41CC57CC,1628969939,17399,22,25.875,91.688,27.188,0,0.03,0,0,0,0,0.03,0,0
41CC57CC,1628970539,17400,21.891,25.875,91.188,27.328,0,0.03,0,0,0,0,0,0,0
41CC57CC,1628971139,17401,21.594,25.812,91.797,27.328,0,0.03,0,0,0,0,0.03,0,0
41CC57CC,1628971739,17402,21.391,25.812,91.891,27.328,0,0.03,0,0,0,0,0.03,0,0
41CC57CC,1628972339,17403,21.188,25.75,92.391,27.328,0,0.03,0,0,0,0,0.03,0,0
41CC57CC,1628972939,17404,21,25.75,92.688,27.328,0,0.03,0,0,0,0,0.03,0,0
41CC57CC,1628973539,17405,20.688,25.688,93.094,27.469,0,0.03,0,0,0,0,0,0,0
41CC57CC,1628974139,17406,20.688,25.625,93,27.469,0,0.03,0,0,0,0,0.03,0,0
41CC57CC,1628974739,17407,20.594,25.625,92.891,27.469,0,0.03,0,0,0,0,0.03,0,0
41CC57CC,1628975354,17408,20.594,25.562,92.688,27.469,0,0.03,0,0,0,0,0,0,0
41CC57CC,1628975939,17409,20.297,25.5,93.188,27.469,0,0.03,0,0,0,0,0.03,0,0
41CC57CC,1628976544,17410,20.391,25.5,93.594,27.609,0,0.03,0,0,0,0,0.03,0,0
41CC57CC,1628977139,17411,20.297,25.438,92.891,27.609,0,0.03,0,0,0,0,0.03,0,0
41CC57CC,1628977739,17412,20.094,25.375,93.688,27.609,0,0.03,0,0,0,0,0.03,0,0
41CC57CC,1628978339,17413,19.891,25.312,93.188,27.609,0,0.03,0,0,0,0,0.03,0,0
41CC57CC,1628978939,17414,19.594,25.25,93.797,27.609,0,0.03,0,0,0,0,0,0,0
41CC57CC,1628979539,17415,19.5,25.188,93.797,27.609,0,0.03,0,0,0,0,0,0,0
41CC57CC,1628980139,17416,19.297,25.125,93.891,27.609,0,0.03,0,0,0,0,0.03,0,0
41CC57CC,1628980739,17417,19.188,25.062,94.094,27.609,0,0.03,0,0,0,0,0,0,0
41CC57CC,1628981339,17418,19,25.062,94.391,27.609,0,0.03,0,0,0,0,0,0,0
41CC57CC,1628981939,17419,19.094,25,94.797,27.75,0,0.03,0,0,0,0,0,0,0
41CC57CC,1628982544,17420,19.094,24.938,94.5,27.75,0,0.03,0,0,0,0,0.03,0,0
41CC57CC,1628983139,17421,19,24.812,94.5,27.75,0,0.03,0,0,0,0,0.03,0,0
41CC57CC,1628983739,17422,18.891,24.75,94.391,27.75,0,0.03,0,0,0,0,0,0,0
41CC57CC,1628984339,17423,18.688,24.75,94.297,27.75,0,0.03,0,0,0,0,0,0,0
41CC57CC,1628984939,17424,18.594,24.625,94.688,27.75,0,0.03,0,0,0,0,0,0,0
41CC57CC,1628985539,17425,18.594,24.562,94.594,27.75,0,0.03,0,0,0,0,0.03,0,0
41CC57CC,1628986139,17426,18.391,24.5,94.688,27.75,0,0.03,0,0,0,0,0.03,0,0
41CC57CC,1628986739,17427,18.391,24.438,94.688,27.75,0,0.03,0,0,0,0,0,0,0
41CC57CC,1628987339,17428,18.297,24.375,94.797,27.891,0,0.03,0,0,0,0,0,0,0
41CC57CC,1628987939,17429,18.297,24.312,95,27.891,0,0.03,0,0,0,0,0.03,0,0
41CC57CC,1628988539,17430,18.188,24.25,94.797,27.891,0,0.03,0,0,0,0,0,0,0
41CC57CC,1628989139,17431,18,24.188,95,27.891,0,0.03,0,0,0,0,0.03,0,0
41CC57CC,1628989739,17432,18,24.062,95,27.891,0,0.03,0,0,0,0,0.03,0,0
41CC57CC,1628990339,17433,17.891,24,95.094,27.891,0,0.03,0,0,0,0,0.03,0,0
41CC57CC,1628990939,17434,17.797,23.938,95.188,28.031,0,0.03,0,0,0,0,0.03,0,0
41CC57CC,1628991539,17435,17.797,23.875,95.688,28.031,0,0.03,0,0,0,0,0,0,0
41CC57CC,1628992139,17436,17.688,23.812,95.5,28.031,0,0.03,0,0,0,0,0,0,0
41CC57CC,1628992739,17437,17.688,23.688,95.391,28.031,0,0.03,0,0,0,0,0.03,0,0
41CC57CC,1628993339,17438,17.594,23.688,95.297,28.031,0,0.03,0,0,0,0,0.03,0,0
41CC57CC,1628993939,17439,17.5,23.562,95.5,28.031,0,0.03,0,0,0,0,0.03,0,0
41CC57CC,1628994539,17440,17.391,23.5,95.5,28.031,0,0.03,0,0,0,0,0.03,0,0
41CC57CC,1628995139,17441,17.391,23.438,95.5,28.031,0,0.03,0,0,0,0,0.03,0,0
41CC57CC,1628995739,17442,17.297,23.375,95.688,28.031,0,0.03,0,0,0,0,0,0,0
41CC57CC,1628996339,17443,17.297,23.25,95.797,28.172,0,0.03,0,0,0,0,0,0,0
41CC57CC,1628996939,17444,17.188,23.188,96,28.172,0,0.03,0,0,0,0,0.03,0,0
41CC57CC,1628997539,17445,17.094,23.125,95.891,28.172,0,0.03,0,0,0,0,0.03,0,0
41CC57CC,1628998139,17446,17.094,23.062,95.797,28.172,0,0.03,0,0,0,0,0.03,0,0
41CC57CC,1628998739,17447,17,23,96,28.172,0,0.03,0,0,0,0,0.03,0,0
41CC57CC,1628999339,17448,16.891,22.875,96,28.172,0,0.03,0,0,0,0,0,0,0
41CC57CC,1628999939,17449,16.891,22.812,96,28.172,0,0.03,0,0,0,0,0,0,0
41CC57CC,1629000539,17450,16.797,22.75,96.094,28.172,0,0.03,0,0,0,0,0,0,0
41CC57CC,1629001139,17451,16.797,22.688,96.297,28.172,0,0.03,0,0,0,0,0.03,0,0
41CC57CC,1629001739,17452,16.891,22.625,96.5,28.172,0.02,0.03,0,0,0,0,0.03,0,0
41CC57CC,1629002339,17453,17,22.562,96.094,28.172,0.02,0.03,0,0,0,0,0.03,0,0
41CC57CC,1629002939,17454,17.094,22.5,96.297,28.172,0,0.03,0,0,0,0,0.03,0,0
41CC57CC,1629003539,17455,17.188,22.375,95.891,28.297,0,0.03,0,0,0,0,0,0,0
41CC57CC,1629004139,17456,17.391,22.312,95.891,28.297,0,0.03,0,0,0,0,0.03,0,0
41CC57CC,1629004739,17457,17.688,22.25,96.094,28.297,0,0.03,0,0,0,0,0.03,0,0
41CC57CC,1629005339,17458,18.094,22.188,96,28.297,0.02,0.03,0,0,0,0,0,0,0
41CC57CC,1629005939,17459,18.391,22.125,95.5,28.297,0.02,0.03,0,0,0,0,0.03,0,0
41CC57CC,1629006539,17460,18.891,22.062,95,28.297,0.02,0.03,0,0,0,0,0.03,0,0
41CC57CC,1629007139,17461,19.297,22,94.594,28.297,0.02,0.03,0,0,0,0,0,0,0
41CC57CC,1629007739,17462,19.594,21.938,93.594,28.438,0,0.03,0,0,0,0,0.03,0,0
41CC57CC,1629008339,17463,20,21.938,93.797,28.438,0.02,0.03,0,0,0,0,0.03,0,0
41CC57CC,1629008939,17464,20.688,21.875,93,28.438,0.02,0.03,0,0,0,0,0,0,0
41CC57CC,1629009539,17465,21.688,21.812,92.297,28.438,0.02,0.03,0,0,0,0,0.03,0,0
41CC57CC,1629010143,17466,22.5,21.812,91.688,28.438,0,0.03,0,0,0,0,0.03,0,0
41CC57CC,1629010739,17467,23,21.75,89.5,28.578,0,0.03,0,0,0,0,0,0,0
41CC57CC,1629011339,17468,23.594,21.75,89.094,28.578,0.02,0.03,0,0,0,0,0,0,0
41CC57CC,1629011939,17469,24,21.688,87.594,28.578,0.02,0.03,0,0,0,0,0.03,0,0
41CC57CC,1629012539,17470,24.391,21.688,86.688,28.578,0,0.03,0,0,0,0,0.03,0,0
41CC57CC,1629013139,17471,25.688,21.688,82.797,28.578,0,0.03,0,0,0,0,0,0,0
41CC57CC,1629013744,17472,31.594,21.688,68.797,28.438,0,0.03,0,0,0,0,0,0,0
41CC57CC,1629014339,17473,36.5,21.75,59.5,28.297,0,0.03,0,0,0,0,0,0,0
41CC57CC,1629014939,17474,39.391,21.75,52.391,28.172,0,0.03,0,0,0,0,0.03,0,0
41CC57CC,1629015539,17475,40.797,21.812,52.094,27.891,0,0.03,0,0,0,0,0.03,0,0
41CC57CC,1629016145,17476,41.5,21.938,44.391,27.609,0,0.03,0,0,0,0,0,0,0
41CC57CC,1629016739,17477,40.188,22,46.391,27.469,0,0.03,0,0,0,0,0,0,0
41CC57CC,1629017339,17478,40.094,22.062,41.297,27.469,0,0.03,0,0,0,0,0,0,0
41CC57CC,1629017943,17479,40.891,22.188,38.797,27.469,0,0.03,0,0,0,0,0.03,0,0
41CC57CC,1629018543,17480,39.797,22.312,40.688,27.328,0,0.03,0,0,0,0,0,0,0
41CC57CC,1629019139,17481,39,22.438,40.688,27.188,0,0.03,0,0,0,0,0.03,0,0
41CC57CC,1629019739,17482,38.688,22.562,41,27.188,0,0.03,0,0,0,0,0.03,0,0
41CC57CC,1629020339,17483,39.094,22.75,41,27.188,0,0.03,0,0,0,0,0,0,0
41CC57CC,1629020939,17484,38.297,22.875,41.297,27.047,0.02,0.03,0,0,0,0,0.03,0,0
41CC57CC,1629021539,17485,37.391,23.062,38.188,27.047,0,0.03,0,0,0,0,0.03,0,0
41CC57CC,1629022140,17486,37.297,23.25,41.688,27.047,0.02,0.03,0.02,0,0,0,0.03,0,0
41CC57CC,1629022936,17487,37.297,23.438,39.391,27.047,0,0.03,0.02,0,0,0,0,0,0
41CC57CC,1629023536,17488,37.188,23.562,37,27.047,0,0.03,0,0,0,0,0,0,0
41CC57CC,1629024136,17489,37.094,23.75,42.188,26.906,0,0.03,0,0,0,0,0,0,0
41CC57CC,1629024736,17490,36.797,23.875,37.188,26.906,0,0.03,0,0,0,0,0,0,0
41CC57CC,1629025336,17491,36.5,24,39.797,26.906,0,0.03,0,0,0,0,0.03,0,0
41CC57CC,1629025936,17492,36.297,24.188,43.188,26.906,0,0.03,0,0,0,0,0.03,0,0
41CC57CC,1629026536,17493,36.188,24.25,40,26.766,0,0.03,0,0,0,0,0.03,0,0
41CC57CC,1629027136,17494,35.891,24.375,39.391,26.766,0,0.03,0,0,0,0,0.03,0,0
41CC57CC,1629027736,17495,35.594,24.5,41.891,26.766,0,0.03,0,0,0,0,0.03,0,0
41CC57CC,1629028336,17496,35.297,24.625,42.688,26.766,0,0.03,0,0,0,0,0,0,0
41CC57CC,1629028936,17497,35.5,24.75,43.094,26.766,0,0.03,0,0,0,0,0,0,0
41CC57CC,1629029536,17498,35.594,24.875,41.688,26.766,0,0.03,0,0,0,0,0,0,0
41CC57CC,1629030136,17499,35.797,24.938,42.594,26.625,0,0.03,0,0,0,0,0,0,0
41CC57CC,1629030736,17500,35,25.062,43.391,26.625,0,0.03,0,0,0,0,0.03,0,0
41CC57CC,1629031336,17501,35.188,25.188,41.391,26.625,0,0.03,0,0,0,0,0,0,0
41CC57CC,1629031936,17502,35.094,25.25,43.297,26.625,0,0.03,0,0,0,0,0,0,0
41CC57CC,1629032536,17503,35.5,25.312,44.688,26.484,0,0.03,0,0,0,0,0.03,0,0
41CC57CC,1629033136,17504,35.5,25.438,41.5,26.484,0,0.03,0,0,0,0,0.03,0,0
41CC57CC,1629033736,17505,34.391,25.5,41.297,26.484,0,0.03,0,0,0,0,0,0,0
41CC57CC,1629034336,17506,34.094,25.562,44.688,26.484,0,0.03,0,0,0,0,0.03,0,0
41CC57CC,1629034936,17507,33.891,25.688,45.094,26.484,0,0.03,0,0,0,0,0.03,0,0
41CC57CC,1629035552,17508,33.391,25.75,47.797,26.484,0,0.03,0,0,0,0,0.03,0,0
41CC57CC,1629036136,17509,34.094,25.812,44.688,26.484,0,0.03,0,0,0,0,0,0,0
41CC57CC,1629036736,17510,34.594,25.875,43.594,26.484,0,0.03,0,0,0,0,0,0,0
41CC57CC,1629037336,17511,34.094,25.938,47.188,26.484,0,0.03,0,0,0,0,0,0,0
41CC57CC,1629037936,17512,33.891,26,49,26.359,0,0.03,0,0,0,0,0,0,0
41CC57CC,1629038556,17513,34.297,26.062,47.797,26.359,0,0.03,0,0,0,0,0.03,0,0
41CC57CC,1629039136,17514,33.891,26.062,45.797,26.359,0,0.03,0,0,0,0,0.03,0,0
41CC57CC,1629039736,17515,34.094,26.125,47.188,26.359,0,0.03,0,0,0,0,0.03,0,0
41CC57CC,1629040336,17516,34.297,26.188,46.094,26.359,0,0.03,0,0,0,0,0,0,0
41CC57CC,1629040943,17517,34.094,26.25,47.188,26.359,0,0.03,0,0,0,0,0.03,0,0
41CC57CC,1629041536,17518,33.594,26.25,45.5,26.359,0,0.03,0,0,0,0,0.03,0,0
41CC57CC,1629042136,17519,34,26.312,46.594,26.359,0,0.03,0,0,0,0,0,0,0
41CC57CC,1629042740,17520,33.891,26.312,49.688,26.359,0,0.03,0,0,0,0,0,0,0
41CC57CC,1629043336,17521,34.797,26.375,47.5,26.359,0,0.03,0,0,0,0,0.03,0,0
41CC57CC,1629043936,17522,34.297,26.438,45,26.359,0,0.03,0,0,0,0,0,0,0
41CC57CC,1629044536,17523,32.391,26.438,52,26.484,0,0.03,0,0,0,0,0.03,0,0
41CC57CC,1629045136,17524,31.797,26.5,53.891,26.359,0,0.03,0,0,0,0,0,0,0
41CC57CC,1629045736,17525,30.297,26.5,56.688,26.484,0,0.03,0,0,0,0,0,0,0
41CC57CC,1629046336,17526,29.5,26.562,57.688,26.484,0,0.03,0,0,0,0,0,0,0
41CC57CC,1629046936,17527,28.594,26.562,62,26.484,0,0.03,0,0,0,0,0.03,0,0
41CC57CC,1629047536,17528,27.188,26.562,66.688,26.484,0,0.03,0,0,0,0,0.03,0,0
41CC57CC,1629048136,17529,26.688,26.562,73.297,26.625,0,0.03,0,0,0,0,0.03,0,0
41CC57CC,1629048736,17530,26.297,26.562,72,26.625,0,0.03,0,0,0,0,0.03,0,0
41CC57CC,1629049336,17531,25.797,26.438,73.594,27.328,0,0.03,0,0,0,0,0.03,0,0
41CC57CC,1629049936,17532,24.594,26.375,77.391,27.328,0,0.03,0,0,0,0,0,0,0
41CC57CC,1629050536,17533,23.891,26.375,80.688,27.469,0,0.03,0,0,0,0,0.03,0,0
41CC57CC,1629051136,17534,23.594,26.375,82.891,27.469,0,0.03,0,0,0,0,0,0,0
41CC57CC,1629051736,17535,23.391,26.375,86.188,27.469,0,0.03,0,0,0,0,0.03,0,0
41CC57CC,1629052336,17536,23.188,26.312,84.094,27.609,0,0.03,0,0,0,0,0.03,0,0
41CC57CC,1629052936,17537,22.891,26.25,85,27.609,0,0.03,0,0,0,0,0.03,0,0
41CC57CC,1629053536,17538,22.391,26.25,86.094,27.609,0,0.03,0,0,0,0,0.03,0,0
41CC57CC,1629054136,17539,22,26.188,89.688,27.609,0,0.03,0,0,0,0,0,0,0
41CC57CC,1629054736,17540,21.891,26.188,90.297,27.609,0,0.03,0,0,0,0,0,0,0
41CC57CC,1629055336,17541,21.688,26.125,89,27.609,0,0.03,0,0,0,0,0,0,0
41CC57CC,1629055936,17542,21.391,26.125,90.297,27.609,0,0.03,0,0,0,0,0.03,0,0
41CC57CC,1629056536,17543,21.188,26.062,91,27.75,0,0.03,0,0,0,0,0.03,0,0
41CC57CC,1629057136,17544,21.188,26.062,90.594,27.891,0,0.03,0,0,0,0,0.03,0,0
41CC57CC,1629057736,17545,21.188,26,90.688,27.609,0,0.03,0,0,0,0,0.03,0,0
41CC57CC,1629058336,17546,21.391,25.938,84.5,27.609,0,0.03,0,0,0,0,0.03,0,0
41CC57CC,1629058936,17547,22.188,25.875,69.797,27.609,0,0.03,0,0,0,0,0.03,0,0
41CC57CC,1629059536,17548,22.297,25.812,65.594,27.609,0,0.03,0,0,0,0,0.03,0,0
41CC57CC,1629060136,17549,22,25.812,65.297,27.469,0,0.03,0,0,0,0,0,0,0
41CC57CC,1629060736,17550,21.891,25.688,66.5,27.469,0,0.03,0,0,0,0,0.03,0,0
41CC57CC,1629061336,17551,21.891,25.688,66.5,27.469,0,0.03,0,0,0,0,0.03,0,0
41CC57CC,1629061936,17552,21.891,25.562,65.688,27.469,0,0.03,0,0,0,0,0.03,0,0
41CC57CC,1629062536,17553,22.094,25.5,64.797,27.469,0,0.03,0,0,0,0,0.03,0,0
41CC57CC,1629063136,17554,22,25.438,63.797,27.469,0,0.03,0,0,0,0,0,0,0
41CC57CC,1629063736,17555,21.891,25.375,64.797,27.328,0,0.03,0,0,0,0,0.03,0,0
41CC57CC,1629064336,17556,22,25.25,65.797,27.328,0,0.03,0,0,0,0,0,0,0
41CC57CC,1629064936,17557,21.891,25.188,66.188,27.328,0,0.03,0,0,0,0,0.03,0,0
41CC57CC,1629065536,17558,21.688,25.062,65.797,27.469,0,0.03,0,0,0,0,0.03,0,0
41CC57CC,1629066136,17559,21.594,25,65.797,27.469,0,0.03,0,0,0,0,0.03,0,0
41CC57CC,1629066736,17560,21.594,24.875,65.688,27.469,0,0.03,0,0,0,0,0,0,0
41CC57CC,1629067336,17561,21.391,24.812,66.188,27.469,0,0.03,0,0,0,0,0.03,0,0
41CC57CC,1629067941,17562,21.391,24.75,66.797,27.469,0,0.03,0,0,0,0,0.03,0,0
41CC57CC,1629068536,17563,21.5,24.625,64.891,27.609,0,0.03,0,0,0,0,0.03,0,0
41CC57CC,1629069143,17564,21.391,24.562,65.188,27.609,0,0.03,0,0,0,0,0.03,0,0
41CC57CC,1629069736,17565,21.188,24.5,67.891,27.609,0,0.03,0,0,0,0,0.03,0,0
41CC57CC,1629070336,17566,20.797,24.375,68.594,27.609,0,0.03,0,0,0,0,0.03,0,0
41CC57CC,1629070936,17567,20.391,24.312,74.891,27.609,0,0.03,0,0,0,0,0,0,0
41CC57CC,1629071536,17568,20,24.188,72.5,27.609,0,0.03,0,0,0,0,0.03,0,0
41CC57CC,1629072136,17569,19.688,24.125,74.797,27.609,0,0.03,0,0,0,0,0.03,0,0
41CC57CC,1629072736,17570,19.688,24.062,71.594,27.609,0,0.03,0,0,0,0,0.03,0,0
41CC57CC,1629073336,17571,19.891,23.938,73.188,27.609,0,0.03,0,0,0,0,0.03,0,0
41CC57CC,1629073936,17572,19.5,23.875,76.5,27.609,0,0.03,0,0,0,0,0,0,0
41CC57CC,1629074536,17573,19.391,23.812,77,27.75,0,0.03,0,0,0,0,0.03,0,0
41CC57CC,1629075136,17574,19.188,23.75,80.391,27.75,0,0.03,0,0,0,0,0,0,0
41CC57CC,1629075736,17575,18.797,23.625,81.188,27.75,0,0.03,0,0,0,0,0.03,0,0
41CC57CC,1629076343,17576,18.594,23.562,84.891,27.75,0,0.03,0,0,0,0,0,0,0
41CC57CC,1629076936,17577,18.297,23.5,85.594,27.75,0,0.03,0,0,0,0,0.03,0,0
41CC57CC,1629077536,17578,18.094,23.438,85.797,27.75,0,0.03,0,0,0,0,0.03,0,0
41CC57CC,1629078136,17579,18,23.375,87.5,27.891,0,0.03,0,0,0,0,0,0,0
41CC57CC,1629078736,17580,17.797,23.25,87.891,27.891,0,0.03,0,0,0,0,0,0,0
41CC57CC,1629079336,17581,17.594,23.188,89.594,27.891,0,0.03,0,0,0,0,0.03,0,0
41CC57CC,1629079936,17582,17.391,23.125,90.594,27.891,0,0.03,0,0,0,0,0.03,0,0
41CC57CC,1629080536,17583,17.188,23.062,90.391,27.891,0,0.03,0,0,0,0,0,0,0
41CC57CC,1629081136,17584,17,22.938,91.188,27.891,0,0.03,0,0,0,0,0,0,0
41CC57CC,1629081736,17585,16.797,22.875,91.094,27.891,0,0.03,0,0,0,0,0.03,0,0
41CC57CC,1629082336,17586,16.797,22.812,91.5,28.031,0,0.03,0,0,0,0,0.03,0,0
41CC57CC,1629082936,17587,16.797,22.75,91.297,27.891,0,0.03,0,0,0,0,0,0,0
41CC57CC,1629083536,17588,16.594,22.688,91.594,27.891,0,0.03,0,0,0,0,0.03,0,0
41CC57CC,1629084136,17589,16.594,22.562,92.094,27.891,0,0.03,0,0,0,0,0.03,0,0
41CC57CC,1629084736,17590,16.5,22.5,92.594,28.031,0,0.03,0,0,0,0,0.03,0,0
41CC57CC,1629085336,17591,16.391,22.438,92.188,28.031,0,0.03,0,0,0,0,0.03,0,0
41CC57CC,1629085936,17592,16.188,22.375,92.688,28.031,0,0.03,0,0,0,0,0.03,0,0
41CC57CC,1629086536,17593,16.297,22.312,93.188,28.031,0,0.03,0,0,0,0,0,0,0
41CC57CC,1629087136,17594,16.188,22.188,92.594,28.031,0,0.03,0,0,0,0,0.03,0,0
41CC57CC,1629087736,17595,16,22.125,93,28.031,0,0.03,0,0,0,0,0,0,0
41CC57CC,1629088336,17596,16.094,22.062,92.688,28.031,0,0.03,0,0,0,0,0,0,0
41CC57CC,1629088936,17597,16,21.938,93.297,28.031,0,0.03,0,0,0,0,0.03,0,0
41CC57CC,1629089536,17598,16.297,21.875,93.297,28.172,0,0.03,0,0,0,0,0.03,0,0
41CC57CC,1629090136,17599,16.5,21.812,92.188,28.172,0,0.03,0,0,0,0,0,0,0
41CC57CC,1629090736,17600,16.688,21.75,92,28.172,0,0.03,0,0,0,0,0.03,0,0
41CC57CC,1629091336,17601,17.094,21.688,92.188,28.172,0,0.03,0,0,0,0,0.03,0,0
41CC57CC,1629091936,17602,17.391,21.625,91.5,28.172,0,0.03,0,0,0,0,0.03,0,0
41CC57CC,1629092536,17603,17.891,21.5,91,28.297,0,0.03,0,0,0,0,0,0,0
41CC57CC,1629093136,17604,18.797,21.5,88.594,28.297,0,0.03,0,0,0,0,0.03,0,0
41CC57CC,1629093736,17605,19.297,21.375,85.688,28.297,0,0.03,0,0,0,0,0,0,0
41CC57CC,1629094336,17606,19.797,21.375,84.391,28.297,0,0.03,0,0,0,0,0,0,0
41CC57CC,1629094677,17607,20.094,20.938,84.094,28.172,0,0.03,0,0,0,0,0.03,0,0
41CC57CC,1629094728,17608,21.297,21.125,78.5,28.297,0,0.03,0,0,0,0,0.03,0,0
41CC57CC,1629095328,17609,21.391,21.25,79.5,48.391,0,0.03,0,0,0,0,0.03,0,0
41CC57CC,1629095928,17610,22.5,21.188,78.391,48.531,0,0.03,0,0,0,0,0,0,0
41CC57CC,1629096528,17611,22.391,21.125,75.297,48.531,0,0.03,0,0,0,0,0.03,0,0
41CC57CC,1629097128,17612,22.594,21.125,73.5,48.531,0,0.03,0,0,0,0,0.03,0,0
41CC57CC,1629097728,17613,22.891,21.062,74.797,48.531,0,0.03,0,0,0,0,0.03,0,0
41CC57CC,1629098328,17614,23.297,21.062,73.391,48.531,0,0.03,0,0,0,0,0,0,0
41CC57CC,1629098928,17615,23.891,21.062,73,48.672,0,0.03,0,0,0,0,0.03,0,0
41CC57CC,1629099528,17616,24.688,21.062,71.5,48.812,0,0.03,0,0,0,0,0.03,0,0
41CC57CC,1629100128,17617,30.094,21.062,59.297,49.078,0,0.03,0,0,0,0,0.03,0,0
41CC57CC,1629100728,17618,33.188,21.062,55.094,49.078,0,0.03,0,0,0,0,0.03,0,0
41CC57CC,1629101328,17619,33.891,21.125,45.891,49.078,0,0.03,0,0,0,0,0.03,0,0
41CC57CC,1629101928,17620,34.688,21.188,44.094,48.953,0,0.03,0,0,0,0,0.03,0,0
41CC57CC,1629102528,17621,34.594,21.25,42.391,48.953,0,0.03,0,0,0,0,0.03,0,0
41CC57CC,1629103128,17622,35.188,21.25,45.5,48.812,0,0.03,0,0,0,0,0.03,0,0
41CC57CC,1629103728,17623,32.594,21.312,46.391,48.953,0,0.03,0,0,0,0,0,0,0
41CC57CC,1629104328,17624,32,21.375,49.594,48.812,0,0.03,0,0,0,0,0,0,0
41CC57CC,1629104928,17625,34.5,21.5,45.094,48.672,0,0.03,0,0,0,0,0.03,0,0
41CC57CC,1629105528,17626,35,21.562,41.5,48.531,0,0.03,0,0,0,0,0.03,0,0
41CC57CC,1629106128,17627,32.891,21.688,45.5,48.391,0,0.03,0,0,0,0,0.03,0,0
41CC57CC,1629106728,17628,33.594,21.75,45.797,48.25,0,0.03,0,0,0,0,0.03,0,0
41CC57CC,1629107328,17629,33.891,21.875,44.891,48.25,0,0.03,0,0,0,0,0.03,0,0
41CC57CC,1629107928,17630,31.5,21.938,49.094,48.25,0,0.03,0,0,0,0,0.03,0,0
41CC57CC,1629108528,17631,31.688,22.062,50.797,48.109,0,0.03,0,0,0,0,0.03,0,0
41CC57CC,1629109128,17632,31.688,22.188,51.688,48.109,0,0.03,0,0,0,0,0,0,0
41CC57CC,1629109728,17633,31.891,22.25,47.297,48.109,0,0.03,0,0,0,0,0,0,0
41CC57CC,1629110328,17634,31.688,22.375,51.297,47.969,0,0.03,0,0,0,0,0,0,0
41CC57CC,1629110928,17635,32.891,22.5,46.688,47.828,0,0.03,0,0,0,0,0,0,0
41CC57CC,1629111528,17636,32.5,22.562,46.094,47.828,0,0.03,0,0,0,0,0,0,0
41CC57CC,1629112128,17637,31.188,22.688,48.297,47.688,0,0.03,0,0,0,0,0.03,0,0
41CC57CC,1629112728,17638,31,22.75,48.5,47.688,0,0.03,0,0,0,0,0,0,0
41CC57CC,1629113328,17639,30.797,22.875,51.891,47.688,0,0.03,0,0,0,0,0,0,0
41CC57CC,1629113928,17640,31.688,22.938,49.094,47.688,0,0.03,0,0,0,0,0.03,0,0
41CC57CC,1629114528,17641,31.688,23,50.297,47.688,0,0.03,0,0,0,0,0.03,0,0
41CC57CC,1629115128,17642,31.797,23.125,51.297,47.547,0,0.03,0,0,0,0,0,0,0
41CC57CC,1629115728,17643,31.594,23.188,50.688,47.406,0,0.03,0,0,0,0,0.03,0,0
41CC57CC,1629116328,17644,30.688,23.25,53.391,47.406,0,0.03,0,0,0,0,0.03,0,0
41CC57CC,1629116928,17645,30.594,23.312,52.594,47.406,0,0.03,0,0,0,0,0.03,0,0
41CC57CC,1629117536,17646,30.188,23.375,56,47.406,0,0.03,0,0,0,0,0,0,0
41CC57CC,1629118128,17647,29.891,23.438,55.891,47.406,0,0.03,0,0,0,0,0.03,0,0
41CC57CC,1629118728,17648,29.188,23.5,56.188,47.266,0,0.03,0,0,0,0,0.03,0,0
41CC57CC,1629119328,17649,28.297,23.562,58.391,47.266,0,0.03,0,0,0,0,0.03,0,0
41CC57CC,1629119928,17650,27.188,23.625,60.5,47.266,0,0.03,0,0,0,0,0.03,0,0
41CC57CC,1629120528,17651,26.797,23.688,64,47.406,0,0.03,0,0,0,0,0.03,0,0
41CC57CC,1629121128,17652,26.5,23.75,65.891,47.406,0,0.03,0,0,0,0,0,0,0
41CC57CC,1629121728,17653,25.891,23.75,66.188,48.25,0,0.03,0,0,0,0,0.03,0,0
41CC57CC,1629122328,17654,25.297,23.75,71.188,48.25,0,0.03,0,0,0,0,0,0,0
41CC57CC,1629122928,17655,25.188,23.812,74.797,48.25,0,0.03,0,0,0,0,0.03,0,0
41CC57CC,1629123528,17656,25.188,23.812,74.391,48.531,0,0.03,0,0,0,0,0.03,0,0
41CC57CC,1629124128,17657,24.594,23.812,80.094,48.953,0,0.03,0,0,0,0,0,0,0
41CC57CC,1629124728,17658,23.594,23.875,88.297,50.062,0,0.03,0,0,0,0,0.03,0,0
41CC57CC,1629125328,17659,23,23.875,92.188,50.906,0,0.03,0,0,0,0,0.03,0,0
41CC57CC,1629125928,17660,22.188,23.875,95.391,51.312,0,0.03,0,0,0,0,0,0,0
41CC57CC,1629126528,17661,21.688,23.875,94.5,51.312,0,0.03,0,0,0,0,0.03,0,0
41CC57CC,1629127128,17662,21.5,23.875,96.594,51.312,0,0.03,0,0,0,0,0.03,0,0
41CC57CC,1629127728,17663,21.391,23.875,96.391,52.156,0,0.03,0,0,0,0,0.03,0,0
41CC57CC,1629128328,17664,21,23.812,96.5,51.875,0,0.03,0,0,0,0,0.03,0,0
41CC57CC,1629128933,17665,20.594,23.812,97.391,51.875,0,0.03,0,0,0,0,0,0,0
41CC57CC,1629129528,17666,20.5,23.75,98.188,51.734,0,0.03,0,0,0,0,0,0,0
41CC57CC,1629130128,17667,20.5,23.75,98.594,51.734,0,0.03,0,0,0,0,0,0,0
41CC57CC,1629130728,17668,20.594,23.75,99,51.734,0,0.03,0,0,0,0,0.03,0,0
41CC57CC,1629131328,17669,20.5,23.75,99.188,51.734,0,0.03,0,0,0,0,0.03,0,0
41CC57CC,1629131928,17670,20.391,23.688,99.094,51.734,0,0.03,0,0,0,0,0.03,0,0
41CC57CC,1629132528,17671,20.391,23.688,99.094,51.734,0,0.03,0,0,0,0,0,0,0
41CC57CC,1629133128,17672,20.297,23.625,99.297,51.734,0,0.03,0,0,0,0,0.03,0,0
41CC57CC,1629133728,17673,20.297,23.625,99.391,51.734,0,0.03,0,0,0,0,0.03,0,0
41CC57CC,1629134328,17674,20.297,23.625,99.891,51.734,0,0.03,0,0,0,0,0.03,0,0
41CC57CC,1629134928,17675,20.391,23.562,99.891,51.734,0,0.03,0,0,0,0,0.03,0,0
41CC57CC,1629135528,17676,20.391,23.562,99.891,51.875,0,0.03,0,0,0,0,0.03,0,0
41CC57CC,1629136128,17677,20.391,23.562,99.891,51.875,0,0.03,0,0,0,0,0,0,0
41CC57CC,1629136728,17678,20.188,23.5,99.891,52.297,0,0.03,0,0,0,0,0,0,0
41CC57CC,1629137328,17679,20.188,23.5,99.891,52.844,0,0.03,0,0,0,0,0.03,0,0
41CC57CC,1629137928,17680,20.094,22.25,99.891,54.797,0,0.03,0,0,0,0,0,0,0
41CC57CC,1629138528,17681,20,22.25,99.891,54.797,0,0.03,0,0,0,0,0.03,0,0
41CC57CC,1629139135,17682,19.797,21.938,99.891,74.75,0,0.03,0,0,0,0,0,0,0
41CC57CC,1629139728,17683,19.797,20.625,99.891,72.375,0,0.03,0,0,0,0,0.03,0,0
41CC57CC,1629140328,17684,19.094,20.188,99.891,69.594,0,0.03,0,0,0,0,0.03,0,0
41CC57CC,1629140928,17685,18.797,20.062,99.891,75.453,0,0.05,0,0,0,0,0,0,0
41CC57CC,1629141528,17686,18.094,20.062,99.891,77.953,0,0.03,0,0,0,0,0.03,0,0
41CC57CC,1629142128,17687,17.797,19.812,99.891,83.672,0,0.03,0,0,0,0,0,0,0
41CC57CC,1629142728,17688,17.594,19.75,99.891,83.391,0,0.03,0,0,0,0,0,0,0
41CC57CC,1629143328,17689,17.188,19.688,99.891,85.484,0,0.03,0,0,0,0,0.03,0,0
41CC57CC,1629143928,17690,17.188,19.625,99.891,84.656,0,0.03,0,0,0,0,0.03,0,0
41CC57CC,1629144528,17691,17,19.562,99.891,83.953,0,0.03,0,0,0,0,0,0,0
41CC57CC,1629145128,17692,17,19.562,99.891,84.234,0,0.03,0,0,0,0,0.03,0,0
41CC57CC,1629145728,17693,16.797,19.5,99.891,84.234,0,0.03,0,0,0,0,0,0,0
41CC57CC,1629146328,17694,16.688,19.5,99.891,83.391,0,0.03,0,0,0,0,0.03,0,0
41CC57CC,1629146928,17695,16.688,19.5,99.891,83.531,0,0.03,0,0,0,0,0.03,0,0
41CC57CC,1629147528,17696,16.594,19.5,99.891,83.953,0,0.03,0,0,0,0,0.03,0,0
41CC57CC,1629148128,17697,16.594,19.562,99.891,79.766,0,0.03,0,0,0,0,0.03,0,0
41CC57CC,1629148728,17698,16.391,19.625,99.891,79.766,0,0.03,0,0,0,0,0.03,0,0
41CC57CC,1629149328,17699,16.188,19.625,99.891,83.531,0,0.03,0,0,0,0,0.03,0,0
41CC57CC,1629149928,17700,16,19.688,99.891,85.203,0,0.03,0,0,0,0,0.03,0,0
41CC57CC,1629150528,17701,15.797,19.688,99.891,86.469,0,0.03,0,0,0,0,0.03,0,0
41CC57CC,1629151128,17702,15.688,19.688,99.891,87.016,0,0.03,0,0,0,0,0,0,0
41CC57CC,1629151728,17703,15.594,19.75,99.891,82.562,0,0.03,0,0,0,0,0,0,0
41CC57CC,1629152328,17704,15.594,19.75,99.891,83.25,0,0.03,0,0,0,0,0.03,0,0
41CC57CC,1629152928,17705,15.594,19.75,99.891,84.797,0,0.03,0,0,0,0,0.03,0,0
41CC57CC,1629153528,17706,15.5,19.75,99.891,85.906,0,0.03,0,0,0,0,0.03,0,0
41CC57CC,1629154128,17707,15.5,19.688,99.891,86.188,0,0.03,0,0,0,0,0.03,0,0
41CC57CC,1629154728,17708,15.5,19.688,99.891,86.188,0,0.03,0,0,0,0,0,0,0
41CC57CC,1629155328,17709,15.391,19.688,99.891,86.047,0,0.03,0,0,0,0,0,0,0
41CC57CC,1629155928,17710,15.391,19.625,99.891,86.047,0,0.03,0,0,0,0,0.03,0,0
41CC57CC,1629156528,17711,15.188,19.625,99.891,86.188,0,0.03,0,0,0,0,0.03,0,0
41CC57CC,1629157128,17712,15.188,19.625,99.891,87.719,0,0.03,0,0,0,0,0.03,0,0
41CC57CC,1629157732,17713,15.094,19.562,99.891,89.391,0,0.03,0,0,0,0,0,0,0
41CC57CC,1629158328,17714,15.094,19.5,99.891,90.641,0,0.03,0,0,0,0,0,0,0
41CC57CC,1629158928,17715,15.094,19.5,99.891,90.641,0,0.03,0,0,0,0,0.03,0,0
41CC57CC,1629159528,17716,14.891,19.438,99.891,90.516,0,0.03,0,0,0,0,0.03,0,0
41CC57CC,1629160128,17717,14.797,19.438,99.891,89.531,0,0.03,0,0,0,0,0.03,0,0
41CC57CC,1629160728,17718,14.688,19.375,99.891,89.391,0,0.03,0,0,0,0,0.03,0,0
41CC57CC,1629161328,17719,14.688,19.312,99.891,89.531,0,0.03,0,0,0,0,0.03,0,0
41CC57CC,1629161928,17720,14.594,19.25,99.891,89.672,0,0.03,0,0,0,0,0,0,0
41CC57CC,1629162528,17721,14.688,19.188,99.891,89.25,0,0.03,0,0,0,0,0.03,0,0
41CC57CC,1629163128,17722,14.594,19.188,99.891,88.422,0,0.03,0,0,0,0,0.03,0,0
41CC57CC,1629163728,17723,14.594,19.125,99.891,89.25,0,0.03,0,0,0,0,0,0,0
41CC57CC,1629164328,17724,14.594,19.062,99.891,88.969,0,0.03,0,0,0,0,0,0,0
41CC57CC,1629164928,17725,14.391,19,99.891,88.828,0,0.03,0,0,0,0,0.03,0,0
41CC57CC,1629165528,17726,14.297,18.938,99.891,88,0,0.03,0,0,0,0,0.03,0,0
41CC57CC,1629166128,17727,14.188,18.875,99.891,88.422,0,0.03,0,0,0,0,0.03,0,0
41CC57CC,1629166728,17728,14.094,18.75,99.891,87.297,0,0.03,0,0,0,0,0,0,0
41CC57CC,1629167328,17729,14.094,18.688,99.891,87.156,0,0.03,0,0,0,0,0,0,0
41CC57CC,1629167928,17730,14,18.625,99.891,87.156,0,0.03,0,0,0,0,0,0,0
41CC57CC,1629168528,17731,14,18.562,99.891,86.875,0,0.03,0,0,0,0,0.03,0,0
41CC57CC,1629169128,17732,14,18.5,99.891,87.156,0,0.03,0,0,0,0,0.03,0,0
41CC57CC,1629169728,17733,14,18.438,99.891,87.297,0,0.03,0,0,0,0,0,0,0
41CC57CC,1629170328,17734,13.891,18.375,99.891,87.297,0,0.03,0,0,0,0,0.03,0,0
41CC57CC,1629170928,17735,14,18.312,99.891,88.688,0,0.03,0,0,0,0,0.03,0,0
41CC57CC,1629171528,17736,13.891,18.188,99.891,91.766,0,0.03,0,0,0,0,0.03,0,0
41CC57CC,1629172132,17737,13.891,18.125,99.891,91.484,0,0.03,0,0,0,0,0.03,0,0
41CC57CC,1629172728,17738,13.891,18.062,99.891,90.094,0,0.03,0,0,0,0,0.03,0,0
41CC57CC,1629173328,17739,13.594,18,99.891,89.25,0,0.03,0,0,0,0,0,0,0
41CC57CC,1629173928,17740,13.094,17.938,99.891,88.562,0,0.03,0,0,0,0,0.03,0,0
41CC57CC,1629174528,17741,12.797,17.875,99.891,83.953,0,0.03,0,0,0,0,0.03,0,0
41CC57CC,1629175128,17742,12.594,17.812,99.891,84.234,0,0.03,0,0,0,0,0.03,0,0
41CC57CC,1629175728,17743,12.688,17.75,99.891,87.438,0,0.03,0,0,0,0,0.03,0,0
41CC57CC,1629176328,17744,12.688,17.688,99.891,86.875,0,0.03,0,0,0,0,0.03,0,0
41CC57CC,1629176928,17745,12.688,17.625,99.891,83.953,0,0.03,0,0,0,0,0,0,0
41CC57CC,1629177528,17746,13,17.562,99.891,83.531,0,0.03,0,0,0,0,0,0,0
41CC57CC,1629178128,17747,13.188,17.5,99.891,83.812,0,0.03,0,0,0,0,0,0,0
41CC57CC,1629178734,17748,13.188,17.5,99.891,87.156,0,0.03,0,0,0,0,0,0,0
41CC57CC,1629179328,17749,13.297,17.438,99.891,86.469,0,0.03,0,0,0,0,0,0,0
41CC57CC,1629179928,17750,13.391,17.375,99.891,85.062,0,0.03,0,0,0,0,0.03,0,0
41CC57CC,1629180528,17751,13.688,17.312,99.891,85.062,0,0.03,0,0,0,0,0.03,0,0
41CC57CC,1629181128,17752,13.688,17.25,99.891,86.188,0,0.03,0,0,0,0,0,0,0
41CC57CC,1629181728,17753,13.688,17.25,99.891,88,0,0.03,0,0,0,0,0.03,0,0
41CC57CC,1629182328,17754,13.297,17.188,99.891,87.719,0,0.03,0,0,0,0,0.03,0,0
41CC57CC,1629182928,17755,13.297,17.125,99.891,86.75,0,0.03,0,0,0,0,0.03,0,0
41CC57CC,1629183528,17756,13.5,17.062,99.891,86.75,0,0.03,0,0,0,0,0.03,0,0
41CC57CC,1629184128,17757,13.297,17.062,99.891,86.875,0,0.03,0,0,0,0,0,0,0
41CC57CC,1629184728,17758,13.391,17,99.891,87.578,0,0.03,0,0,0,0,0.03,0,0
41CC57CC,1629185328,17759,13.5,16.938,99.891,87.859,0,0.03,0,0,0,0,0,0,0
41CC57CC,1629185928,17760,13.594,16.938,99.891,87.297,0,0.03,0,0,0,0,0.03,0,0
41CC57CC,1629186528,17761,13.688,16.875,99.891,87.578,0,0.03,0,0,0,0,0,0,0
41CC57CC,1629187128,17762,13.891,16.812,99.891,87.578,0,0.03,0,0,0,0,0.03,0,0
41CC57CC,1629187728,17763,14.094,16.812,99.891,87.719,0,0.03,0,0,0,0,0.03,0,0
41CC57CC,1629188328,17764,14.297,16.75,99.891,87.859,0,0.03,0,0,0,0,0.03,0,0
41CC57CC,1629188928,17765,14.594,16.688,99.891,88.281,0,0.03,0,0,0,0,0,0,0
41CC57CC,1629189528,17766,14.797,16.688,98.688,88.281,0,0.03,0,0,0,0,0.03,0,0
41CC57CC,1629190128,17767,17.094,16.688,98.797,88.281,0,0.03,0,0,0,0,0.03,0,0
41CC57CC,1629190728,17768,17.5,16.688,97.391,88.422,0,0.03,0,0,0,0,0.03,0,0
41CC57CC,1629191328,17769,18.391,16.688,96.094,88.141,0,0.03,0,0,0,0,0,0,0
41CC57CC,1629191928,17770,18.688,16.688,95.797,88,0,0.03,0,0,0,0,0,0,0
41CC57CC,1629195025,17771,19.188,16.875,96.688,87.719,0,0.03,0,0,0,0,0,0,0
41CC57CC,1629195625,17772,18.391,16.938,91.5,87.438,0,0.03,0,0,0,0,0.03,0,0
41CC57CC,1629196225,17773,18.688,16.938,87,88.141,0,0.03,0,0,0,0,0.03,0,0
41CC57CC,1629196825,17774,18.391,17,78.391,88.422,0,0.03,0,0,0,0,0.03,0,0
41CC57CC,1629197425,17775,18.297,17.062,90.5,88.422,0,0.03,0,0,0,0,0,0,0
41CC57CC,1629198025,17776,19.188,17.062,86.5,88.281,0,0.03,0,0,0,0,0.03,0,0
41CC57CC,1629198625,17777,19.297,17.125,66.391,88.422,0,0.03,0,0,0,0,0,0,0
41CC57CC,1629199225,17778,19.188,17.125,66.797,88.562,0,0.03,0,0,0,0,0.03,0,0
41CC57CC,1629199833,17779,19.094,17.125,67.797,89.109,0,0.03,0,0,0,0,0.03,0,0
41CC57CC,1629200425,17780,19.391,17.188,66.297,88.969,0,0.03,0,0,0,0,0,0,0
41CC57CC,1629201025,17781,19.297,17.188,67.5,88.969,0,0.03,0,0,0,0,0,0,0
41CC57CC,1629201625,17782,19.188,17.188,64.594,90.234,0,0.03,0,0,0,0,0.03,0,0
41CC57CC,1629202225,17783,19.297,17.188,69.594,89.812,0,0.03,0,0,0,0,0,0,0
41CC57CC,1629202825,17784,19.188,17.188,60.297,89.531,0,0.03,0,0,0,0,0.03,0,0
41CC57CC,1629203425,17785,19.297,17.188,58.297,89.812,0,0.03,0,0,0,0,0,0,0
41CC57CC,1629204025,17786,19.797,17.188,63.094,89.25,0,0.03,0,0,0,0,0,0,0
41CC57CC,1629204625,17787,19.688,17.188,56.188,88.828,0,0.03,0,0,0,0,0,0,0
41CC57CC,1629205225,17788,19.297,17.188,59,89.25,0,0.03,0,0,0,0,0,0,0
41CC57CC,1629205825,17789,19.797,17.188,57.188,89.25,0,0.03,0,0,0,0,0,0,0
41CC57CC,1629206425,17790,20.891,17.188,56.188,89.672,0,0.03,0,0,0,0,0.03,0,0
41CC57CC,1629207025,17791,21.391,17.188,51.594,89.25,0,0.03,0,0,0,0,0.03,0,0
41CC57CC,1629207625,17792,21.297,17.188,53,89.25,0,0.03,0,0,0,0,0,0,0
41CC57CC,1629208225,17793,21.391,17.188,54.891,89.531,0,0.03,0,0,0,0,0.03,0,0
41CC57CC,1629208825,17794,21.891,17.188,54.297,89.391,0,0.03,0,0,0,0,0,0,0
41CC57CC,1629209425,17795,21.594,17.188,49.5,89.391,0,0.03,0,0,0,0,0.03,0,0
41CC57CC,1629210025,17796,21.688,17.188,52,89.391,0,0.03,0,0,0,0,0,0,0
41CC57CC,1629210625,17797,21.797,17.188,51.5,89.391,0,0.03,0,0,0,0,0,0,0
41CC57CC,1629211225,17798,21.891,17.188,47.297,89.109,0,0.03,0,0,0,0,0.03,0,0
41CC57CC,1629211825,17799,22.094,17.188,47,88.828,0,0.03,0,0,0,0,0.03,0,0
41CC57CC,1629212425,17800,21.391,17.188,48.594,88.969,0,0.03,0,0,0,0,0.03,0,0
41CC57CC,1629213025,17801,21.188,17.188,49.188,88.828,0,0.03,0,0,0,0,0,0,0
41CC57CC,1629213625,17802,21.797,17.188,46,89.109,0,0.03,0,0,0,0,0.03,0,0
41CC57CC,1629214225,17803,21.688,17.188,49,89.109,0,0.03,0,0,0,0,0.03,0,0
41CC57CC,1629214825,17804,21.797,17.188,46,88.969,0,0.03,0,0,0,0,0.03,0,0
41CC57CC,1629215425,17805,21.688,17.188,44.797,88.969,0,0.03,0,0,0,0,0.03,0,0
41CC57CC,1629216025,17806,21.297,17.188,49.094,88.969,0,0.03,0,0,0,0,0.03,0,0
41CC57CC,1629216625,17807,20.688,17.188,44.688,88.969,0,0.03,0,0,0,0,0.03,0,0
41CC57CC,1629217225,17808,20,17.188,47.797,88.969,0,0.03,0,0,0,0,0.03,0,0
41CC57CC,1629217825,17809,19.391,17.125,51.797,89.109,0,0.03,0,0,0,0,0.03,0,0
41CC57CC,1629218425,17810,19.094,17.125,54.891,89.391,0,0.03,0,0,0,0,0.03,0,0
41CC57CC,1629219025,17811,18.5,17.125,54.094,89.531,0,0.03,0,0,0,0,0.03,0,0
41CC57CC,1629219625,17812,18,17.125,56.297,89.672,0,0.03,0,0,0,0,0,0,0
41CC57CC,1629220225,17813,17.688,17.062,56.891,90.234,0,0.03,0,0,0,0,0.03,0,0
41CC57CC,1629220825,17814,17.5,17.062,57.5,90.234,0,0.03,0,0,0,0,0,0,0
41CC57CC,1629221425,17815,17.188,17,57.391,90.375,0,0.03,0,0,0,0,0,0,0
41CC57CC,1629222032,17816,16.891,17,58.188,90.516,0,0.03,0,0,0,0,0,0,0
41CC57CC,1629222625,17817,16.594,16.938,60.188,90.516,0,0.03,0,0,0,0,0,0,0
41CC57CC,1629223232,17818,16.297,16.938,62.688,90.641,0,0.03,0,0,0,0,0.03,0,0
41CC57CC,1629223825,17819,16.094,16.875,62.094,90.641,0,0.03,0,0,0,0,0.03,0,0
41CC57CC,1629224425,17820,15.5,16.875,69.188,90.922,0,0.03,0,0,0,0,0,0,0
41CC57CC,1629225025,17821,14.688,16.812,73.891,91.062,0,0.03,0,0,0,0,0.03,0,0
41CC57CC,1629225625,17822,14.188,16.812,75.891,90.516,0,0.03,0,0,0,0,0.03,0,0
41CC57CC,1629226241,17823,13.797,16.75,78.688,90.922,0,0.03,0,0,0,0,0.03,0,0
41CC57CC,1629226825,17824,13.5,16.688,80.297,91.344,0,0.03,0,0,0,0,0.03,0,0
41CC57CC,1629227425,17825,13.297,16.688,83.094,91.625,0,0.03,0,0,0,0,0.03,0,0
41CC57CC,1629228025,17826,13.094,16.625,85.797,92.188,0,0.03,0,0,0,0,0.03,0,0
41CC57CC,1629228625,17827,12.797,16.562,86.188,92.453,0,0.03,0,0,0,0,0.03,0,0
41CC57CC,1629229233,17828,12.688,16.5,86.688,92.875,0,0.03,0,0,0,0,0.03,0,0
41CC57CC,1629229825,17829,12.5,16.5,88.688,93.016,0,0.03,0,0,0,0,0.03,0,0
41CC57CC,1629230425,17830,12.5,16.438,89,93.156,0,0.03,0,0,0,0,0,0,0
41CC57CC,1629231025,17831,12.594,16.375,90.188,93.297,0,0.03,0,0,0,0,0.03,0,0
41CC57CC,1629231625,17832,12.297,16.312,90.594,93.297,0,0.03,0,0,0,0,0,0,0
41CC57CC,1629232225,17833,12.297,16.25,90.297,93.297,0,0.03,0,0,0,0,0,0,0
41CC57CC,1629232825,17834,12,16.25,91,93.297,0,0.03,0,0,0,0,0.03,0,0
41CC57CC,1629233430,17835,11.891,16.188,91.594,93.719,0,0.03,0,0,0,0,0.03,0,0
41CC57CC,1629234029,17836,11.688,16.125,92.391,93.719,0,0.03,0,0,0,0,0,0,0
41CC57CC,1629234625,17837,11.688,16.062,92.391,93.719,0,0.03,0,0,0,0,0.03,0,0
41CC57CC,1629235225,17838,11.688,16,92.688,93.859,0,0.03,0,0,0,0,0.03,0,0
41CC57CC,1629235825,17839,11.594,15.938,93.297,93.859,0,0.03,0,0,0,0,0,0,0
41CC57CC,1629236425,17840,11.391,15.875,93.594,94,0,0.03,0,0,0,0,0,0,0
41CC57CC,1629237025,17841,11.297,15.875,93.891,94,0,0.03,0,0,0,0,0.03,0,0
41CC57CC,1629237633,17842,11.188,15.812,94.297,94.141,0,0.03,0,0,0,0,0.03,0,0
41CC57CC,1629238225,17843,11.188,15.75,94.594,94.141,0,0.03,0,0,0,0,0.03,0,0
41CC57CC,1629238825,17844,11.297,15.688,94.594,94.141,0,0.03,0,0,0,0,0,0,0
41CC57CC,1629239425,17845,11.188,15.625,95.188,94.141,0,0.03,0,0,0,0,0,0,0
41CC57CC,1629240025,17846,11.297,15.562,94.688,94.281,0,0.03,0,0,0,0,0.03,0,0
41CC57CC,1629240625,17847,11.391,15.5,94.5,94.281,0,0.03,0,0,0,0,0,0,0
41CC57CC,1629241225,17848,11.5,15.438,95,94.281,0,0.03,0,0,0,0,0,0,0
41CC57CC,1629241825,17849,11.594,15.438,94.797,94.141,0,0.03,0,0,0,0,0.03,0,0
41CC57CC,1629242425,17850,11.797,15.375,94.391,94.281,0,0.03,0,0,0,0,0,0,0
41CC57CC,1629243025,17851,11.891,15.312,94.391,94.141,0,0.03,0,0,0,0,0.03,0,0
41CC57CC,1629243625,17852,11.891,15.25,94.297,94.281,0,0.03,0,0,0,0,0.03,0,0
41CC57CC,1629244225,17853,11.891,15.25,94.094,94.406,0,0.03,0,0,0,0,0.03,0,0
41CC57CC,1629244825,17854,12.188,15.188,93.797,94.141,0,0.03,0,0,0,0,0.03,0,0
41CC57CC,1629245425,17855,12.5,15.125,92.594,94,0,0.03,0,0,0,0,0.03,0,0
41CC57CC,1629246032,17856,12.688,15.062,91.594,93.859,0,0.03,0,0,0,0,0,0,0
41CC57CC,1629246625,17857,12.891,15.062,90.797,93.859,0,0.03,0,0,0,0,0.03,0,0
41CC57CC,1629247225,17858,13.094,15,89.391,93.719,0,0.03,0,0,0,0,0.03,0,0
41CC57CC,1629247825,17859,13.188,15,86.391,93.438,0,0.03,0,0,0,0,0.03,0,0
41CC57CC,1629248425,17860,13.5,14.938,85.797,93.297,0,0.03,0,0,0,0,0.03,0,0
41CC57CC,1629249025,17861,13.391,14.875,87.688,93.016,0,0.03,0,0,0,0,0.03,0,0
41CC57CC,1629249625,17862,13.297,14.875,86.891,92.594,0,0.03,0,0,0,0,0.03,0,0
41CC57CC,1629250225,17863,13.297,14.812,86.094,90.641,0,0.03,0,0,0,0,0.03,0,0
41CC57CC,1629250825,17864,13.297,14.812,87.188,84.797,0,0.03,0,0,0,0,0.03,0,0
41CC57CC,1629251425,17865,13.297,14.75,84.594,85.062,0,0.03,0,0,0,0,0.03,0,0
41CC57CC,1629252025,17866,13.297,14.688,88.094,86.75,0,0.03,0,0,0,0,0,0,0
41CC57CC,1629252625,17867,13.188,14.688,85.797,87.719,0,0.03,0,0,0,0,0,0,0
41CC57CC,1629253225,17868,13.094,14.625,86.297,87.438,0,0.03,0,0,0,0,0.03,0,0
41CC57CC,1629253825,17869,13.188,14.625,82.5,88,0,0.03,0,0,0,0,0,0,0
41CC57CC,1629254425,17870,13.391,14.562,83.5,88.828,0,0.03,0,0,0,0,0.03,0,0
41CC57CC,1629255025,17871,13.391,14.562,85.297,89.391,0,0.03,0,0,0,0,0,0,0
41CC57CC,1629255625,17872,13.188,14.5,87,89.25,0,0.03,0,0,0,0,0,0,0
41CC57CC,1629256225,17873,13.188,14.5,86.391,88.969,0,0.03,0,0,0,0,0,0,0
41CC57CC,1629256825,17874,13.094,14.438,88.797,89.109,0,0.03,0,0,0,0,0.03,0,0
41CC57CC,1629257425,17875,13,14.438,89.688,89.25,0,0.03,0,0,0,0,0.03,0,0
41CC57CC,1629258025,17876,13,14.375,90.5,89.391,0,0.03,0,0,0,0,0.03,0,0
41CC57CC,1629258625,17877,12.891,14.375,91.891,89.25,0,0.03,0,0,0,0,0.03,0,0
41CC57CC,1629259225,17878,12.891,14.312,91.594,89.391,0,0.03,0,0,0,0,0.03,0,0
41CC57CC,1629259825,17879,12.891,14.312,92,89.391,0,0.03,0,0,0,0,0.03,0,0
41CC57CC,1629260425,17880,12.891,14.25,92.188,89.531,0,0.03,0,0,0,0,0.03,0,0
41CC57CC,1629261025,17881,13,14.25,92.094,89.391,0,0.03,0,0,0,0,0.03,0,0
41CC57CC,1629261625,17882,13,14.25,91.594,89.109,0,0.03,0,0,0,0,0.03,0,0
41CC57CC,1629262225,17883,13,14.188,91.688,89.109,0,0.03,0,0,0,0,0.03,0,0
41CC57CC,1629262825,17884,13.094,14.188,90.891,89.109,0,0.03,0,0,0,0,0.03,0,0
41CC57CC,1629263425,17885,13.297,14.125,90.891,89.25,0,0.03,0,0,0,0,0.03,0,0
41CC57CC,1629264025,17886,13.5,14.125,90.5,89.391,0,0.03,0,0,0,0,0,0,0
41CC57CC,1629264625,17887,13.594,14.125,89.688,90.375,0,0.03,0,0,0,0,0.03,0,0
41CC57CC,1629265225,17888,13.797,14.062,90.094,89.953,0,0.03,0,0,0,0,0.03,0,0
41CC57CC,1629265825,17889,13.891,14.062,89.797,88.828,0,0.03,0,0,0,0,0,0,0
41CC57CC,1629266425,17890,14.094,14.062,87.391,87.578,0,0.03,0,0,0,0,0,0,0
41CC57CC,1629267025,17891,14.297,14,88.094,85.625,0,0.03,0,0,0,0,0.03,0,0
41CC57CC,1629267631,17892,14.594,14,87.891,84.234,0,0.03,0,0,0,0,0,0,0
41CC57CC,1629268225,17893,14.891,14,85.688,84.797,0,0.03,0,0,0,0,0,0,0
41CC57CC,1629268825,17894,15.391,14,84,85.062,0,0.03,0,0,0,0,0,0,0
41CC57CC,1629269425,17895,15.5,14,84.094,85.062,0,0.03,0,0,0,0,0.03,0,0
41CC57CC,1629270026,17896,15.5,14,82.5,85.062,0,0.03,0,0,0,0,0.03,0,0
41CC57CC,1629270625,17897,15.5,13.938,83.688,84.922,0,0.03,0,0,0,0,0.03,0,0
41CC57CC,1629271225,17898,15.5,14,84.891,84.922,0,0.03,0,0,0,0,0,0,0
41CC57CC,1629271825,17899,15.594,14,83.188,85.062,0,0.03,0,0,0,0,0,0,0
41CC57CC,1629272425,17900,15.5,14,83,84.922,0,0.03,0,0,0,0,0.03,0,0
41CC57CC,1629273025,17901,15.688,14,82.5,84.797,0,0.03,0,0,0,0,0.03,0,0
41CC57CC,1629274225,17902,15.5,14,82.797,84.797,0,0.03,0,0,0,0,0.03,0,0
41CC57CC,1629274825,17903,15.594,14,83,84.797,0,0.03,0,0,0,0,0,0,0
41CC57CC,1629275425,17904,15.594,14,86.594,84.797,0,0.03,0,0,0,0,0.03,0,0
41CC57CC,1629276025,17905,15.297,14,88.891,84.797,0,0.03,0,0,0,0,0,0,0
41CC57CC,1629276625,17906,15.094,14,91.297,84.922,0,0.03,0,0,0,0,0,0,0
41CC57CC,1629277225,17907,14.891,14,91.5,84.797,0,0.03,0,0,0,0,0.03,0,0
41CC57CC,1629277825,17908,15.094,14.062,91,84.922,0,0.03,0,0,0,0,0,0,0
41CC57CC,1629278425,17909,16.188,14.062,90.688,84.656,0,0.03,0,0,0,0,0,0,0
41CC57CC,1629279025,17910,16.797,14.062,81.688,84.516,0,0.03,0,0,0,0,0,0,0
41CC57CC,1629279625,17911,16.891,14.125,83,84.516,0,0.03,0,0,0,0,0.03,0,0
41CC57CC,1629280225,17912,17.594,14.125,78.5,84.234,0,0.03,0,0,0,0,0,0,0
41CC57CC,1629280825,17913,18.094,14.125,76.5,84.094,0,0.03,0,0,0,0,0.03,0,0
41CC57CC,1629281425,17914,18.5,14.188,72.891,83.953,0,0.03,0,0,0,0,0.03,0,0
41CC57CC,1629282030,17915,18.797,14.25,77,83.953,0,0.03,0,0,0,0,0.03,0,0
41CC57CC,1629282625,17916,20.5,14.25,67.688,83.812,0,0.03,0,0,0,0,0.03,0,0
41CC57CC,1629283225,17917,21.094,14.312,64.391,83.672,0,0.03,0,0,0,0,0.03,0,0
41CC57CC,1629283825,17918,20.5,14.312,65.594,83.531,0,0.03,0,0,0,0,0.03,0,0
41CC57CC,1629284425,17919,19.094,14.375,70.094,83.531,0,0.03,0,0,0,0,0.03,0,0
41CC57CC,1629285025,17920,18.391,14.438,73.594,83.391,0,0.03,0,0,0,0,0,0,0
41CC57CC,1629285625,17921,17.797,14.438,79,83.25,0,0.03,0,0,0,0,0.03,0,0
41CC57CC,1629286225,17922,18.094,14.5,76,82.984,0,0.03,0,0,0,0,0.03,0,0
41CC57CC,1629286825,17923,18,14.562,76.797,83.109,0,0.03,0,0,0,0,0.03,0,0
41CC57CC,1629287425,17924,18.688,14.562,77.797,82.984,0,0.03,0,0,0,0,0.03,0,0
41CC57CC,1629288025,17925,19.297,14.625,73.5,82.844,0,0.03,0,0,0,0,0,0,0
41CC57CC,1629288625,17926,20.094,14.688,69.891,82.703,0,0.03,0,0,0,0,0.03,0,0
41CC57CC,1629289225,17927,20.5,14.75,68.797,82.562,0,0.03,0,0,0,0,0.03,0,0
41CC57CC,1629289825,17928,20.5,14.812,70.391,82.562,0,0.03,0,0,0,0,0.03,0,0
41CC57CC,1629290425,17929,21,14.875,66.297,82.141,0,0.03,0,0,0,0,0,0,0
41CC57CC,1629291025,17930,21.297,14.875,65.297,82.141,0,0.03,0,0,0,0,0,0,0
41CC57CC,1629291625,17931,20.594,14.938,65.094,82.422,0,0.03,0,0,0,0,0.03,0,0
41CC57CC,1629292232,17932,20.594,15,68.891,82.562,0,0.03,0,0,0,0,0,0,0
41CC57CC,1629292825,17933,20.297,15.062,67.297,82.703,0,0.03,0,0,0,0,0.03,0,0
41CC57CC,1629293425,17934,20.688,15.125,69,82.562,0,0.03,0,0,0,0,0.03,0,0
41CC57CC,1629294025,17935,20.594,15.125,66.094,82.422,0,0.03,0,0,0,0,0,0,0
41CC57CC,1629294630,17936,20.688,15.188,67.297,82.281,0,0.03,0,0,0,0,0.03,0,0
41CC57CC,1629295225,17937,20.797,15.25,66.891,82.422,0,0.03,0,0,0,0,0.03,0,0
41CC57CC,1629295825,17938,20.391,15.312,67.391,82,0,0.03,0,0,0,0,0.03,0,0
41CC57CC,1629296425,17939,20.297,15.312,67.094,81.859,0,0.03,0,0,0,0,0.03,0,0
41CC57CC,1629297025,17940,19.891,15.375,69.594,81.859,0,0.03,0,0,0,0,0,0,0
41CC57CC,1629297625,17941,19.891,15.438,69.297,81.859,0,0.03,0,0,0,0,0.03,0,0
41CC57CC,1629298225,17942,20.188,15.5,68.688,81.719,0,0.03,0,0,0,0,0,0,0
41CC57CC,1629298825,17943,19.797,15.562,70.391,81.578,0,0.03,0,0,0,0,0,0,0
41CC57CC,1629299425,17944,19.891,15.562,71.391,81.156,0,0.03,0,0,0,0,0,0,0
41CC57CC,1629300025,17945,20.297,15.625,71,81.031,0,0.03,0,0,0,0,0,0,0
41CC57CC,1629300625,17946,21.391,15.688,66.5,80.75,0,0.03,0,0,0,0,0,0,0
41CC57CC,1629301225,17947,21.688,15.688,64.094,80.891,0,0.03,0,0,0,0,0,0,0
41CC57CC,1629301826,17948,21.891,15.75,60.594,80.891,0,0.03,0,0,0,0,0,0,0
41CC57CC,1629302426,17949,21.594,15.812,61.188,80.75,0,0.03,0,0,0,0,0,0,0
41CC57CC,1629303026,17950,20.5,15.812,67.391,80.328,0,0.03,0,0,0,0,0.03,0,0
41CC57CC,1629303626,17951,19.797,15.812,71.797,80.328,0,0.03,0,0,0,0,0.03,0,0
41CC57CC,1629304226,17952,19.297,15.875,73.188,80.328,0,0.03,0,0,0,0,0.03,0,0
41CC57CC,1629304826,17953,19,15.938,73.5,80.188,0,0.03,0,0,0,0,0,0,0
41CC57CC,1629305426,17954,18.5,15.938,75.188,80.188,0,0.03,0,0,0,0,0.03,0,0
41CC57CC,1629306026,17955,18.297,15.938,76.797,80.188,0,0.03,0,0,0,0,0.03,0,0
41CC57CC,1629306626,17956,18.188,16,78.297,80.188,0,0.03,0,0,0,0,0.03,0,0
41CC57CC,1629307226,17957,18.094,16,78,80.188,0,0.03,0,0,0,0,0.03,0,0
41CC57CC,1629307826,17958,17.891,16,79,80.328,0,0.03,0,0,0,0,0,0,0
41CC57CC,1629308426,17959,17.797,16,81.188,80.328,0,0.03,0,0,0,0,0,0,0
41CC57CC,1629309026,17960,17.5,16.062,80.594,80.047,0,0.03,0,0,0,0,0.03,0,0
41CC57CC,1629309626,17961,17.188,16.062,82.094,80.188,0,0.03,0,0,0,0,0.03,0,0
41CC57CC,1629310226,17962,16.891,16.062,83.5,80.188,0,0.03,0,0,0,0,0.03,0,0
41CC57CC,1629310826,17963,16.688,16.062,85.391,80.188,0,0.03,0,0,0,0,0.03,0,0
41CC57CC,1629311434,17964,16.5,16.062,87.094,80.188,0,0.03,0,0,0,0,0.03,0,0
41CC57CC,1629312032,17965,16.094,16.062,88.594,80.188,0,0.03,0,0,0,0,0.03,0,0
41CC57CC,1629312626,17966,15.688,16.062,90.594,80.188,0,0.03,0,0,0,0,0.03,0,0
41CC57CC,1629313226,17967,15.297,16.062,91.297,80.328,0,0.03,0,0,0,0,0,0,0
41CC57CC,1629313826,17968,15,16.062,91.891,80.188,0,0.03,0,0,0,0,0,0,0
41CC57CC,1629314426,17969,14.688,16.062,92.688,80.188,0,0.03,0,0,0,0,0.03,0,0
41CC57CC,1629315026,17970,14.5,16.062,92.891,80.188,0,0.03,0,0,0,0,0.03,0,0
41CC57CC,1629315626,17971,14.297,16.062,93.688,81.297,0,0.03,0,0,0,0,0,0,0
41CC57CC,1629316226,17972,14.188,16.062,94,81.297,0,0.03,0,0,0,0,0,0,0
41CC57CC,1629316826,17973,14.094,16,94,81.031,0,0.03,0,0,0,0,0,0,0
41CC57CC,1629317426,17974,14,16,94.297,80.609,0,0.03,0,0,0,0,0.03,0,0
41CC57CC,1629318026,17975,13.891,16,94.594,80.328,0,0.03,0,0,0,0,0.03,0,0
41CC57CC,1629318632,17976,13.688,16,94.891,80.328,0,0.03,0,0,0,0,0,0,0
41CC57CC,1629319226,17977,13.5,15.938,95.188,80.188,0,0.03,0,0,0,0,0.03,0,0
41CC57CC,1629319826,17978,13.297,15.938,95.594,80.469,0,0.03,0,0,0,0,0.03,0,0
41CC57CC,1629320426,17979,13.188,15.938,96,80.328,0,0.03,0,0,0,0,0.03,0,0
41CC57CC,1629321026,17980,13.094,15.875,95.688,80.469,0,0.03,0,0,0,0,0.03,0,0
41CC57CC,1629321633,17981,12.891,15.875,96.094,80.047,0,0.03,0,0,0,0,0,0,0
41CC57CC,1629322226,17982,12.797,15.812,96.188,79.766,0,0.03,0,0,0,0,0,0,0
41CC57CC,1629322826,17983,12.594,15.812,96.688,79.344,0,0.03,0,0,0,0,0,0,0
41CC57CC,1629323426,17984,12.5,15.812,96.797,79.078,0,0.03,0,0,0,0,0.03,0,0
41CC57CC,1629324026,17985,12.391,15.75,96.797,79.766,0,0.03,0,0,0,0,0.03,0,0
41CC57CC,1629324626,17986,12.188,15.75,96.891,80.469,0,0.03,0,0,0,0,0.03,0,0
41CC57CC,1629325226,17987,12.188,15.688,97.094,80.75,0,0.03,0,0,0,0,0.03,0,0
41CC57CC,1629325826,17988,12.094,15.688,97.5,80.75,0,0.03,0,0,0,0,0,0,0
41CC57CC,1629326426,17989,12,15.625,97.297,80.609,0,0.03,0,0,0,0,0.03,0,0
41CC57CC,1629327026,17990,11.891,15.562,97.188,80.328,0,0.03,0,0,0,0,0,0,0
41CC57CC,1629327626,17991,11.891,15.562,97.5,80.469,0,0.03,0,0,0,0,0,0,0
41CC57CC,1629328226,17992,11.688,15.5,97.5,80.609,0,0.03,0,0,0,0,0.03,0,0
41CC57CC,1629328826,17993,11.688,15.5,97.5,80.609,0,0.03,0,0,0,0,0,0,0
41CC57CC,1629329426,17994,11.594,15.438,97.594,80.469,0,0.03,0,0,0,0,0,0,0
41CC57CC,1629330026,17995,11.688,15.375,98.188,80.609,0,0.03,0,0,0,0,0.03,0,0
41CC57CC,1629330626,17996,11.797,15.375,98,80.75,0,0.03,0,0,0,0,0,0,0
41CC57CC,1629331226,17997,11.891,15.312,97.891,80.469,0,0.03,0,0,0,0,0.03,0,0
41CC57CC,1629331826,17998,12,15.312,98,80.188,0,0.03,0,0,0,0,0,0,0
41CC57CC,1629332426,17999,12.094,15.25,97.891,79.906,0,0.03,0,0,0,0,0,0,0
41CC57CC,1629333026,18000,12.094,15.188,97.797,79.625,0,0.03,0,0,0,0,0.03,0,0
41CC57CC,1629333626,18001,12.188,15.188,97.688,79.219,0,0.03,0,0,0,0,0.03,0,0
41CC57CC,1629334226,18002,12.188,15.125,97.891,79.078,0,0.03,0,0,0,0,0.03,0,0
41CC57CC,1629334826,18003,12.391,15.125,97.688,79.078,0,0.03,0,0,0,0,0.03,0,0
41CC57CC,1629335426,18004,12.391,15.062,97.5,78.938,0,0.03,0,0,0,0,0.03,0,0
41CC57CC,1629336026,18005,12.5,15,97.594,79.078,0,0.03,0,0,0,0,0.03,0,0
41CC57CC,1629336626,18006,12.5,15,97.594,79.219,0,0.03,0,0,0,0,0.03,0,0
41CC57CC,1629337226,18007,12.594,14.938,97.688,79.219,0,0.03,0,0,0,0,0,0,0
41CC57CC,1629337826,18008,12.688,14.938,97.688,79.078,0,0.03,0,0,0,0,0,0,0
41CC57CC,1629338426,18009,12.797,14.875,97.594,79.219,0,0.03,0,0,0,0,0.03,0,0
41CC57CC,1629339026,18010,12.688,14.875,97.5,79.625,0,0.03,0,0,0,0,0,0,0
41CC57CC,1629339626,18011,12.797,14.812,97.594,79.625,0,0.03,0,0,0,0,0,0,0
41CC57CC,1629340226,18012,12.891,14.812,97.688,79.625,0,0.03,0,0,0,0,0.03,0,0
41CC57CC,1629340826,18013,13,14.75,97.594,79.766,0,0.03,0,0,0,0,0,0,0
41CC57CC,1629341426,18014,13,14.75,97.594,79.766,0,0.03,0,0,0,0,0.03,0,0
41CC57CC,1629342026,18015,13,14.688,97.594,79.906,0,0.03,0,0,0,0,0,0,0
41CC57CC,1629342626,18016,13.094,14.688,97.688,80.047,0,0.03,0,0,0,0,0.03,0,0
41CC57CC,1629343226,18017,13.094,14.688,97.688,80.188,0,0.03,0,0,0,0,0.03,0,0
41CC57CC,1629343826,18018,13.094,14.625,97.797,80.188,0,0.03,0,0,0,0,0.03,0,0
41CC57CC,1629344426,18019,13.188,14.625,97.797,80.188,0,0.03,0,0,0,0,0,0,0
41CC57CC,1629345029,18020,13.188,14.562,97.797,80.188,0,0.03,0,0,0,0,0.03,0,0
