snid,timestamp [UNIX],sntime,T_air [°C],T_soil [°C],H_air [%RH],H_soil [%RH],x_nt,x_vs,x_bat,x_art,x_rst,x_ic,x_adc,x_usart,fault,antigen,danger,safe,fault label
41CC57CC,1628741279,17019,14.5,20.0,95.5,27.19,0.0,0.0,0.0,0.0,0.0,0.0,0.0,0.0,0,-,0.0,0.0,0
41CC57CC,1628741886,17020,14.59,19.94,95.19,27.19,0.0,0.0,0.0,0.0,0.0,0.0,0.0,0.0,0,-,0.0,0.0,0
41CC57CC,1628742479,17021,14.5,19.88,95.09,27.19,0.0,0.0,0.0,0.0,0.0,0.0,0.0,0.0,0,-,0.0,0.0,0
41CC57CC,1628743079,17022,14.39,19.75,95.3,27.19,0.0,0.0,0.0,0.0,0.0,0.0,0.0,0.0,0,-,0.0,0.0,1
41CC57CC,1628743679,17023,14.5,19.69,95.39,27.19,0.0,0.0,0.0,0.0,0.0,0.0,0.0,0.0,0,-,0.0,0.0,0
41CC57CC,1628744279,17024,14.59,19.62,95.5,27.33,0.0,0.0,0.0,0.0,0.0,0.0,0.0,0.0,0,-,0.0,0.0,1
41CC57CC,1628744879,17025,14.8,19.56,95.09,27.33,0.0,0.0,0.0,0.0,0.0,0.0,0.0,0.0,0,-,0.0,0.0,1
41CC57CC,1628745479,17026,15.0,19.5,94.8,27.33,0.0,0.0,0.0,0.0,0.0,0.0,0.0,0.0,0,-,0.0,0.0,1
41CC57CC,1628746079,17027,15.3,19.44,95.39,27.47,0.0,0.0,0.0,0.0,0.0,0.0,0.0,0.0,0,-,0.0,0.0,1
41CC57CC,1628746679,17028,15.59,19.38,94.89,27.47,0.0,0.0,0.0,0.0,0.0,0.0,0.0,0.0,0,-,0.0,0.0,1
41CC57CC,1628747279,17029,16.0,19.31,95.0,27.47,0.0,0.0,0.0,0.0,0.0,0.0,0.0,0.0,0,-,0.0,0.0,1
41CC57CC,1628747879,17030,16.3,19.25,93.5,27.47,0.0,0.0,0.0,0.0,0.0,0.0,0.0,0.0,0,-,0.0,0.0,1
41CC57CC,1628748479,17031,16.69,19.19,93.19,27.47,0.0,0.0,0.0,0.0,0.0,0.0,0.0,0.0,0,-,0.0,0.0,1
41CC57CC,1628749079,17032,17.09,19.19,92.8,27.47,0.0,0.0,0.0,0.0,0.0,0.0,0.0,0.0,0,-,0.0,0.0,1
41CC57CC,1628749679,17033,17.5,19.12,92.69,27.61,0.0,0.0,0.0,0.0,0.0,0.0,0.0,0.0,0,-,0.0,0.0,0
41CC57CC,1628750279,17034,18.0,19.06,91.89,27.61,0.0,0.0,0.0,0.0,0.0,0.0,0.0,0.0,0,-,0.0,0.0,1
41CC57CC,1628750879,17035,18.5,19.0,91.3,27.61,0.0,0.0,0.0,0.0,0.0,0.0,0.0,0.0,0,-,0.0,0.0,0
41CC57CC,1628751479,17036,19.09,18.94,90.39,27.61,0.0,0.0,0.0,0.0,0.0,0.0,0.0,0.0,0,-,0.0,0.0,1
41CC57CC,1628752079,17037,19.8,18.94,88.89,27.61,0.0,0.0,0.0,0.0,0.0,0.0,0.0,0.0,0,-,0.0,0.0,1
41CC57CC,1628752679,17038,20.3,18.88,87.39,27.61,0.0,0.0,0.0,0.0,0.0,0.0,0.0,0.0,0,-,0.0,0.0,1
41CC57CC,1628753279,17039,21.19,18.88,85.09,27.61,0.0,0.0,0.0,0.0,0.0,0.0,0.0,0.0,0,-,0.0,0.0,1
41CC57CC,1628753879,17040,25.69,18.88,73.5,27.61,0.0,0.0,0.0,0.0,0.0,0.0,0.0,0.0,0,-,0.0,0.0,1
41CC57CC,1628754479,17041,31.0,18.88,55.0,27.61,0.0,0.0,0.0,0.0,0.0,0.0,0.0,0.0,0,-,0.0,0.0,1
41CC57CC,1628755079,17042,33.8,18.88,58.39,27.47,0.0,0.0,0.0,0.0,0.0,0.0,0.0,0.0,0,-,0.0,0.0,1
41CC57CC,1628755679,17043,34.89,18.88,48.8,27.33,0.0,0.0,0.0,0.0,0.0,0.0,0.0,0.0,0,-,0.0,0.0,1
41CC57CC,1628756279,17044,35.8,18.94,52.69,27.19,0.0,0.0,0.0,0.0,0.0,0.0,0.0,0.0,0,-,0.0,0.0,0
41CC57CC,1628756879,17045,36.59,19.0,48.19,26.91,0.0,0.0,0.0,0.0,0.0,0.0,0.0,0.0,0,-,0.0,0.0,0
41CC57CC,1628757479,17046,36.3,19.06,48.8,26.77,0.0,0.0,0.0,0.0,0.0,0.0,0.0,0.0,0,-,0.0,0.0,0
41CC57CC,1628758079,17047,35.59,19.12,43.89,26.62,0.0,0.0,0.0,0.0,0.0,0.0,0.0,0.0,0,-,0.0,0.0,0
41CC57CC,1628758679,17048,35.8,19.19,43.0,26.62,0.0,0.0,0.0,0.0,0.0,0.0,0.0,0.0,0,-,0.0,0.0,0
41CC57CC,1628759279,17049,36.0,19.31,40.39,26.62,0.0,0.0,0.0,0.0,0.0,0.0,0.0,0.0,0,-,0.0,0.0,0
41CC57CC,1628759879,17050,34.89,19.38,47.09,26.48,0.0,0.0,0.0,0.0,0.0,0.0,0.0,0.0,0,-,0.0,0.0,0
41CC57CC,1628760479,17051,34.8,19.5,40.59,26.48,0.0,0.0,0.0,0.0,0.0,0.0,0.0,0.0,0,-,0.0,0.0,0
41CC57CC,1628761079,17052,34.8,19.62,45.69,26.48,0.0,0.0,0.0,0.0,0.0,0.0,0.0,0.0,0,-,0.0,0.0,0
41CC57CC,1628761679,17053,33.89,19.81,47.39,26.48,0.0,0.0,0.0,0.0,0.0,0.0,0.0,0.0,0,-,0.0,0.0,0
41CC57CC,1628762279,17054,33.09,19.94,43.19,26.48,0.0,0.0,0.0,0.0,0.0,0.0,0.0,0.0,0,-,0.0,0.0,0
41CC57CC,1628762879,17055,32.59,20.06,50.5,26.48,0.0,0.0,0.0,0.0,0.0,0.0,0.0,0.0,0,-,0.0,0.0,0
41CC57CC,1628763479,17056,32.3,20.19,47.89,26.48,0.0,0.0,0.0,0.0,0.0,0.0,0.0,0.0,0,-,0.0,0.0,0
41CC57CC,1628764079,17057,32.5,20.31,44.59,26.36,0.0,0.0,0.0,0.0,0.0,0.0,0.0,0.0,0,-,0.0,0.0,0
41CC57CC,1628764679,17058,31.89,20.44,48.39,26.36,0.0,0.0,0.0,0.0,0.0,0.0,0.0,0.0,0,-,0.0,0.0,0
41CC57CC,1628765279,17059,31.8,20.56,50.69,26.36,0.0,0.0,0.0,0.0,0.0,0.0,0.0,0.0,0,-,0.0,0.0,0
41CC57CC,1628765879,17060,31.59,20.69,44.09,26.36,0.0,0.0,0.0,0.0,0.0,0.0,0.0,0.0,0,-,0.0,0.0,0
41CC57CC,1628766479,17061,31.09,20.81,47.69,26.36,0.0,0.0,0.0,0.0,0.0,0.0,0.0,0.0,0,-,0.0,0.0,0
41CC57CC,1628767079,17062,31.3,21.0,49.3,26.36,0.0,0.0,0.0,0.0,0.0,0.0,0.0,0.0,0,-,0.0,0.0,0
41CC57CC,1628767679,17063,31.3,21.12,47.3,26.36,0.0,0.0,0.0,0.0,0.0,0.0,0.0,0.0,0,-,0.0,0.0,0
41CC57CC,1628768279,17064,31.3,21.19,47.69,26.36,0.0,0.0,0.0,0.0,0.0,0.0,0.0,0.0,0,-,0.0,0.0,0
41CC57CC,1628768879,17065,31.09,21.31,47.19,26.36,0.0,0.0,0.0,0.0,0.0,0.0,0.0,0.0,0,-,0.0,0.0,0
41CC57CC,1628769479,17066,30.5,21.44,52.3,26.36,0.0,0.0,0.0,0.0,0.0,0.0,0.0,0.0,0,-,0.0,0.0,0
41CC57CC,1628770079,17067,30.8,21.5,52.09,26.36,0.0,0.0,0.0,0.0,0.0,0.0,0.0,0.0,0,-,0.0,0.0,0
41CC57CC,1628770679,17068,30.69,21.62,47.59,26.36,0.0,0.0,0.0,0.0,0.0,0.0,0.0,0.0,0,-,0.0,0.0,0
41CC57CC,1628771279,17069,30.59,21.75,46.39,26.36,0.0,0.0,0.0,0.0,0.0,0.0,0.0,0.0,0,-,0.0,0.0,0
41CC57CC,1628771879,17070,30.8,21.81,47.19,26.22,0.0,0.0,0.0,0.0,0.0,0.0,0.0,0.0,0,-,0.0,0.0,0
41CC57CC,1628772479,17071,30.39,21.94,50.39,26.22,0.0,0.0,0.0,0.0,0.0,0.0,0.0,0.0,0,-,0.0,0.0,0
41CC57CC,1628773079,17072,31.09,22.0,49.09,26.22,0.0,0.0,0.0,0.0,0.0,0.0,0.0,0.0,0,-,0.0,0.0,0
41CC57CC,1628773679,17073,31.69,22.12,47.3,26.22,0.0,0.0,0.0,0.0,0.0,0.0,0.0,0.0,0,-,0.0,0.0,0
41CC57CC,1628774279,17074,32.09,22.19,44.59,26.22,0.0,0.0,0.0,0.0,0.0,0.0,0.0,0.0,0,-,0.0,0.0,0
41CC57CC,1628774879,17075,32.39,22.25,44.39,26.22,0.0,0.0,0.0,0.0,0.0,0.0,0.0,0.0,0,-,0.0,0.0,0
41CC57CC,1628775479,17076,32.09,22.31,46.59,26.22,0.0,0.0,0.0,0.0,0.0,0.0,0.0,0.0,0,-,0.0,0.0,0
41CC57CC,1628776079,17077,33.19,22.44,45.0,26.22,0.0,0.0,0.0,0.0,0.0,0.0,0.0,0.0,0,-,0.0,0.0,0
41CC57CC,1628776679,17078,34.09,22.5,44.69,26.22,0.0,0.0,0.0,0.0,0.0,0.0,0.0,0.0,0,-,0.0,0.0,0
41CC57CC,1628777279,17079,34.3,22.56,42.8,26.22,0.0,0.0,0.0,0.0,0.0,0.0,0.0,0.0,0,-,0.0,0.0,0
41CC57CC,1628777879,17080,34.39,22.62,42.0,26.08,0.0,0.0,0.0,0.0,0.0,0.0,0.0,0.0,0,-,0.0,0.0,0
41CC57CC,1628778479,17081,34.09,22.75,45.5,26.08,0.0,0.0,0.0,0.0,0.0,0.0,0.0,0.0,0,-,0.0,0.0,0
41CC57CC,1628779079,17082,34.59,22.81,45.3,26.08,0.0,0.0,0.0,0.0,0.0,0.0,0.0,0.0,0,-,0.0,0.0,0
41CC57CC,1628779679,17083,34.69,22.88,42.09,26.08,0.0,0.0,0.0,0.0,0.0,0.0,0.0,0.0,0,-,0.0,0.0,0
41CC57CC,1628780279,17084,35.0,23.0,43.59,26.08,0.0,0.0,0.0,0.0,0.0,0.0,0.0,0.0,0,-,0.0,0.0,0
41CC57CC,1628780885,17085,35.19,23.06,46.59,26.08,0.0,0.0,0.0,0.0,0.0,0.0,0.0,0.0,0,-,0.0,0.0,0
41CC57CC,1628781479,17086,35.19,23.12,42.19,26.08,0.0,0.0,0.0,0.0,0.0,0.0,0.0,0.0,0,-,0.0,0.0,0
41CC57CC,1628782079,17087,35.39,23.19,46.09,26.08,0.0,0.0,0.0,0.0,0.0,0.0,0.0,0.0,0,-,0.0,0.0,0
41CC57CC,1628782679,17088,35.0,23.31,46.0,26.08,0.0,0.0,0.0,0.0,0.0,0.0,0.0,0.0,0,-,0.0,0.0,0
41CC57CC,1628783287,17089,34.8,23.38,47.69,26.08,0.0,0.0,0.0,0.0,0.0,0.0,0.0,0.0,0,-,0.0,0.0,0
41CC57CC,1628783879,17090,34.3,23.44,44.8,26.08,0.0,0.0,0.0,0.0,0.0,0.0,0.0,0.0,0,-,0.0,0.0,0
41CC57CC,1628784497,17091,33.69,23.5,49.59,26.08,0.0,0.0,0.0,0.0,0.0,0.0,0.0,0.0,0,-,0.0,0.0,0
41CC57CC,1628785079,17092,32.5,23.62,50.3,26.08,0.0,0.0,0.0,0.0,0.0,0.0,0.0,0.0,0,-,0.0,0.0,0
41CC57CC,1628785679,17093,31.59,23.69,52.19,26.08,0.0,0.0,0.0,0.0,0.0,0.0,0.0,0.0,0,-,0.0,0.0,0
41CC57CC,1628786279,17094,30.69,23.75,53.5,26.08,0.0,0.0,0.0,0.0,0.0,0.0,0.0,0.0,0,-,0.0,0.0,0
41CC57CC,1628786879,17095,29.39,23.81,55.0,26.08,0.0,0.0,0.0,0.0,0.0,0.0,0.0,0.0,0,-,0.0,0.0,0
41CC57CC,1628787479,17096,27.5,23.88,60.19,26.08,0.0,0.0,0.0,0.0,0.0,0.0,0.0,0.0,0,-,0.0,0.0,0
41CC57CC,1628788079,17097,26.3,23.88,64.8,26.08,0.0,0.0,0.0,0.0,0.0,0.0,0.0,0.0,0,-,0.0,0.0,0
41CC57CC,1628788679,17098,25.3,23.88,66.89,26.77,0.0,0.0,0.0,0.0,0.0,0.0,0.0,0.0,0,-,0.0,0.0,0
41CC57CC,1628789279,17099,24.3,23.88,72.5,26.77,0.0,0.0,0.0,0.0,0.0,0.0,0.0,0.0,0,-,0.0,0.0,0
41CC57CC,1628789879,17100,23.59,23.94,75.69,26.77,0.0,0.0,0.0,0.0,0.0,0.0,0.0,0.0,0,-,0.0,0.0,0
41CC57CC,1628790479,17101,23.09,23.94,76.0,26.77,0.0,0.0,0.0,0.0,0.0,0.0,0.0,0.0,0,-,0.0,0.0,0
41CC57CC,1628791079,17102,22.5,23.94,78.39,26.91,0.0,0.0,0.0,0.0,0.0,0.0,0.0,0.0,0,-,0.0,0.0,0
41CC57CC,1628791679,17103,22.19,23.94,81.5,26.91,0.0,0.0,0.0,0.0,0.0,0.0,0.0,0.0,0,-,0.0,0.0,0
41CC57CC,1628792279,17104,21.69,23.94,82.39,26.91,0.0,0.0,0.0,0.0,0.0,0.0,0.0,0.0,0,-,0.0,0.0,0
41CC57CC,1628792879,17105,21.3,23.94,84.8,26.91,0.0,0.0,0.0,0.0,0.0,0.0,0.0,0.0,0,-,0.0,0.0,0
41CC57CC,1628793479,17106,21.0,23.94,87.0,26.91,0.0,0.0,0.0,0.0,0.0,0.0,0.0,0.0,0,-,0.0,0.0,0
41CC57CC,1628794079,17107,20.69,23.94,87.69,26.91,0.0,0.0,0.0,0.0,0.0,0.0,0.0,0.0,0,-,0.0,0.0,0
41CC57CC,1628794679,17108,20.3,23.94,88.89,27.05,0.0,0.0,0.0,0.0,0.0,0.0,0.0,0.0,0,-,0.0,0.0,0
41CC57CC,1628795279,17109,20.09,23.94,89.39,27.05,0.0,0.0,0.0,0.0,0.0,0.0,0.0,0.0,0,-,0.0,0.0,0
41CC57CC,1628795879,17110,19.89,23.94,90.09,27.05,0.0,0.0,0.0,0.0,0.0,0.0,0.0,0.0,0,-,0.0,0.0,0
41CC57CC,1628796479,17111,19.69,23.88,90.59,27.19,0.0,0.0,0.0,0.0,0.0,0.0,0.0,0.0,0,-,0.0,0.0,0
41CC57CC,1628797079,17112,19.5,23.88,90.8,27.19,0.0,0.0,0.0,0.0,0.0,0.0,0.0,0.0,0,-,0.0,0.0,0
41CC57CC,1628797679,17113,19.3,23.88,91.5,27.19,0.0,0.0,0.0,0.0,0.0,0.0,0.0,0.0,0,-,0.0,0.0,0
41CC57CC,1628798279,17114,19.09,23.81,91.5,27.19,0.0,0.0,0.0,0.0,0.0,0.0,0.0,0.0,0,-,0.0,0.0,0
41CC57CC,1628798879,17115,19.0,23.81,91.89,27.19,0.0,0.0,0.0,0.0,0.0,0.0,0.0,0.0,0,-,0.0,0.0,0
41CC57CC,1628799479,17116,18.8,23.75,92.3,27.33,0.0,0.0,0.0,0.0,0.0,0.0,0.0,0.0,0,-,0.0,0.0,0
41CC57CC,1628800079,17117,18.8,23.75,92.69,27.33,0.0,0.0,0.0,0.0,0.0,0.0,0.0,0.0,0,-,0.0,0.0,0
41CC57CC,1628800679,17118,18.69,23.69,92.59,27.33,0.0,0.0,0.0,0.0,0.0,0.0,0.0,0.0,0,-,0.0,0.0,0
41CC57CC,1628801279,17119,18.59,23.62,93.19,27.33,0.0,0.0,0.0,0.0,0.0,0.0,0.0,0.0,0,-,0.0,0.0,0
41CC57CC,1628801879,17120,18.5,23.62,92.59,27.33,0.0,0.0,0.0,0.0,0.0,0.0,0.0,0.0,0,-,0.0,0.0,0
41CC57CC,1628802479,17121,18.3,23.56,92.8,27.33,0.0,0.0,0.0,0.0,0.0,0.0,0.0,0.0,0,-,0.0,0.0,0
41CC57CC,1628803079,17122,18.09,23.5,93.19,27.33,0.0,0.0,0.0,0.0,0.0,0.0,0.0,0.0,0,-,0.0,0.0,0
41CC57CC,1628803679,17123,18.09,23.44,93.39,27.33,0.0,0.0,0.0,0.0,0.0,0.0,0.0,0.0,0,-,0.0,0.0,0
41CC57CC,1628804279,17124,17.89,23.44,93.59,27.33,0.0,0.0,0.0,0.0,0.0,0.0,0.0,0.0,0,-,0.0,0.0,0
41CC57CC,1628804879,17125,17.8,23.38,93.69,27.47,0.0,0.0,0.0,0.0,0.0,0.0,0.0,0.0,0,-,0.0,0.0,0
41CC57CC,1628805479,17126,17.59,23.31,93.8,27.47,0.0,0.0,0.0,0.0,0.0,0.0,0.0,0.0,0,-,0.0,0.0,0
41CC57CC,1628806079,17127,17.59,23.25,94.19,27.61,0.0,0.0,0.0,0.0,0.0,0.0,0.0,0.0,0,-,0.0,0.0,0
41CC57CC,1628806679,17128,17.5,23.19,94.09,27.47,0.0,0.0,0.0,0.0,0.0,0.0,0.0,0.0,0,-,0.0,0.0,0
41CC57CC,1628807279,17129,17.39,23.19,94.8,27.61,0.0,0.0,0.0,0.0,0.0,0.0,0.0,0.0,0,-,0.0,0.0,0
41CC57CC,1628807886,17130,17.5,23.06,94.59,27.61,0.0,0.0,0.0,0.0,0.0,0.0,0.0,0.0,0,-,0.0,0.0,0
41CC57CC,1628808479,17131,17.3,23.06,94.39,27.61,0.0,0.0,0.0,0.0,0.0,0.0,0.0,0.0,0,-,0.0,0.0,0
41CC57CC,1628809079,17132,17.3,23.0,95.0,27.61,0.0,0.0,0.0,0.0,0.0,0.0,0.0,0.0,0,-,0.0,0.0,0
41CC57CC,1628809679,17133,17.19,22.94,94.8,27.61,0.0,0.0,0.0,0.0,0.0,0.0,0.0,0.0,0,-,0.0,0.0,0
41CC57CC,1628810279,17134,17.09,22.88,94.89,27.61,0.0,0.0,0.0,0.0,0.0,0.0,0.0,0.0,0,-,0.0,0.0,0
41CC57CC,1628810879,17135,17.0,22.81,94.8,27.61,0.0,0.0,0.0,0.0,0.0,0.0,0.0,0.0,0,-,0.0,0.0,0
41CC57CC,1628811479,17136,16.89,22.75,95.0,27.61,0.0,0.0,0.0,0.0,0.0,0.0,0.0,0.0,0,-,0.0,0.0,0
41CC57CC,1628812079,17137,16.69,22.69,95.0,27.61,0.0,0.0,0.0,0.0,0.0,0.0,0.0,0.0,0,-,0.0,0.0,0
41CC57CC,1628812679,17138,16.59,22.62,95.0,27.61,0.0,0.0,0.0,0.0,0.0,0.0,0.0,0.0,0,-,0.0,0.0,0
41CC57CC,1628813279,17139,16.5,22.56,95.19,27.75,0.0,0.0,0.0,0.0,0.0,0.0,0.0,0.0,0,-,0.0,0.0,0
41CC57CC,1628813879,17140,16.39,22.5,95.0,27.75,0.0,0.0,0.0,0.0,0.0,0.0,0.0,0.0,0,-,0.0,0.0,0
41CC57CC,1628814479,17141,16.3,22.44,95.3,27.75,0.0,0.0,0.0,0.0,0.0,0.0,0.0,0.0,0,-,0.0,0.0,0
41CC57CC,1628815079,17142,16.3,22.38,95.39,27.75,0.0,0.0,0.0,0.0,0.0,0.0,0.0,0.0,0,-,0.0,0.0,0
41CC57CC,1628815679,17143,16.3,22.31,95.3,27.89,0.0,0.0,0.0,0.0,0.0,0.0,0.0,0.0,0,-,0.0,0.0,0
41CC57CC,1628816279,17144,16.19,22.25,95.19,27.89,0.0,0.0,0.0,0.0,0.0,0.0,0.0,0.0,0,-,0.0,0.0,0
41CC57CC,1628816879,17145,16.09,22.19,95.5,27.89,0.0,0.0,0.0,0.0,0.0,0.0,0.0,0.0,0,-,0.0,0.0,0
41CC57CC,1628817479,17146,16.0,22.12,95.39,28.03,0.0,0.0,0.0,0.0,0.0,0.0,0.0,0.0,0,-,0.0,0.0,0
41CC57CC,1628818079,17147,16.0,22.06,95.3,28.03,0.0,0.0,0.0,0.0,0.0,0.0,0.0,0.0,0,-,0.0,0.0,0
41CC57CC,1628818679,17148,15.89,22.0,95.59,28.03,0.0,0.0,0.0,0.0,0.0,0.0,0.0,0.0,0,-,0.0,0.0,0
41CC57CC,1628819279,17149,15.8,21.94,95.39,28.03,0.0,0.0,0.0,0.0,0.0,0.0,0.0,0.0,0,-,0.0,0.0,0
41CC57CC,1628819879,17150,15.59,21.88,95.59,28.03,0.0,0.0,0.0,0.0,0.0,0.0,0.0,0.0,0,-,0.0,0.0,0
41CC57CC,1628820479,17151,15.59,21.81,95.59,28.03,0.0,0.0,0.0,0.0,0.0,0.0,0.0,0.0,0,-,0.0,0.0,0
41CC57CC,1628821079,17152,15.59,21.75,96.09,28.03,0.0,0.0,0.0,0.0,0.0,0.0,0.0,0.0,0,-,0.0,0.0,0
41CC57CC,1628821684,17153,15.5,21.69,95.89,28.03,0.0,0.0,0.0,0.0,0.0,0.0,0.0,0.0,0,-,0.0,0.0,0
41CC57CC,1628822279,17154,15.5,21.62,95.89,28.17,0.0,0.0,0.0,0.0,0.0,0.0,0.0,0.0,0,-,0.0,0.0,0
41CC57CC,1628822879,17155,15.5,21.5,95.8,28.03,0.0,0.0,0.0,0.0,0.0,0.0,0.0,0.0,0,-,0.0,0.0,0
41CC57CC,1628823479,17156,15.59,21.44,96.19,28.17,0.0,0.0,0.0,0.0,0.0,0.0,0.0,0.0,0,-,0.0,0.0,0
41CC57CC,1628824079,17157,15.59,21.38,96.19,28.17,0.0,0.0,0.0,0.0,0.0,0.0,0.0,0.0,0,-,0.0,0.0,0
41CC57CC,1628824679,17158,15.3,21.31,95.5,28.17,0.0,0.0,0.0,0.0,0.0,0.0,0.0,0.0,0,-,0.0,0.0,0
41CC57CC,1628825279,17159,15.19,21.25,95.89,28.17,0.0,0.0,0.0,0.0,0.0,0.0,0.0,0.0,0,-,0.0,0.0,0
41CC57CC,1628825879,17160,15.09,21.19,95.69,28.17,0.0,0.0,0.0,0.0,0.0,0.0,0.0,0.0,0,-,0.0,0.0,0
41CC57CC,1628826479,17161,15.0,21.12,95.89,28.17,0.0,0.0,0.0,0.0,0.0,0.0,0.0,0.0,0,-,0.0,0.0,0
41CC57CC,1628827079,17162,14.89,21.06,95.59,28.17,0.0,0.0,0.0,0.0,0.0,0.0,0.0,0.0,0,-,0.0,0.0,0
41CC57CC,1628827679,17163,14.8,21.0,95.8,28.17,0.0,0.0,0.0,0.0,0.0,0.0,0.0,0.0,0,-,0.0,0.0,0
41CC57CC,1628828279,17164,14.8,20.94,96.0,28.17,0.0,0.0,0.0,0.0,0.0,0.0,0.0,0.0,0,-,0.0,0.0,0
41CC57CC,1628828879,17165,14.8,20.81,96.09,28.17,0.0,0.0,0.0,0.0,0.0,0.0,0.0,0.0,0,-,0.0,0.0,0
41CC57CC,1628829479,17166,14.8,20.75,95.89,28.17,0.0,0.0,0.0,0.0,0.0,0.0,0.0,0.0,0,-,0.0,0.0,0
41CC57CC,1628830079,17167,14.69,20.69,95.89,28.17,0.0,0.0,0.0,0.0,0.0,0.0,0.0,0.0,0,-,0.0,0.0,0
41CC57CC,1628830679,17168,14.8,20.62,96.0,28.17,0.0,0.0,0.0,0.0,0.0,0.0,0.0,0.0,0,-,0.0,0.0,0
41CC57CC,1628831279,17169,15.09,20.56,96.0,28.17,0.0,0.0,0.0,0.0,0.0,0.0,0.0,0.0,0,-,0.0,0.0,0
41CC57CC,1628831879,17170,15.3,20.5,95.69,28.17,0.0,0.0,0.0,0.0,0.0,0.0,0.0,0.0,0,-,0.0,0.0,0
41CC57CC,1628832479,17171,15.69,20.44,95.39,28.17,0.0,0.0,0.0,0.0,0.0,0.0,0.0,0.0,0,-,0.0,0.0,0
41CC57CC,1628833079,17172,16.0,20.38,95.59,28.17,0.0,0.0,0.0,0.0,0.0,0.0,0.0,0.0,0,-,0.0,0.0,0
41CC57CC,1628833679,17173,16.5,20.31,95.69,28.17,0.0,0.0,0.0,0.0,0.0,0.0,0.0,0.0,0,-,0.0,0.0,0
41CC57CC,1628834279,17174,16.8,20.25,94.89,28.17,0.0,0.0,0.0,0.0,0.0,0.0,0.0,0.0,0,-,0.0,0.0,0
41CC57CC,1628834879,17175,17.3,20.19,95.0,28.17,0.0,0.0,0.0,0.0,0.0,0.0,0.0,0.0,0,-,0.0,0.0,0
41CC57CC,1628835479,17176,17.69,20.12,94.3,28.3,0.0,0.0,0.0,0.0,0.0,0.0,0.0,0.0,0,-,0.0,0.0,0
41CC57CC,1628836080,17177,18.09,20.06,94.0,28.3,0.0,0.0,0.0,0.0,0.0,0.0,0.0,0.0,0,-,0.0,0.0,0
41CC57CC,1628836679,17178,18.69,20.0,93.19,28.3,0.0,0.0,0.0,0.0,0.0,0.0,0.0,0.0,0,-,0.0,0.0,0
41CC57CC,1628837280,17179,19.19,19.94,92.19,28.3,0.0,0.0,0.0,0.0,0.0,0.0,0.0,0.0,0,-,0.0,0.0,0
41CC57CC,1628837880,17180,19.69,19.94,91.39,28.3,0.0,0.0,0.0,0.0,0.0,0.0,0.0,0.0,0,-,0.0,0.0,0
41CC57CC,1628838480,17181,20.3,19.88,90.5,28.3,0.0,0.0,0.0,0.0,0.0,0.0,0.0,0.0,0,-,0.0,0.0,0
41CC57CC,1628839084,17182,20.8,19.88,90.5,28.3,0.0,0.0,0.0,0.0,0.0,0.0,0.0,0.0,0,-,0.0,0.0,0
41CC57CC,1628839680,17183,21.59,19.81,87.8,28.3,0.0,0.0,0.0,0.0,0.0,0.0,0.0,0.0,0,-,0.0,0.0,0
41CC57CC,1628840280,17184,24.89,19.81,76.09,28.3,0.0,0.0,0.0,0.0,0.0,0.0,0.0,0.0,0,-,0.0,0.0,0
41CC57CC,1628840880,17185,31.19,19.81,66.5,28.17,0.0,0.0,0.0,0.0,0.0,0.0,0.0,0.0,0,-,0.0,0.0,0
41CC57CC,1628841480,17186,34.59,19.81,54.19,28.03,0.0,0.0,0.0,0.0,0.0,0.0,0.0,0.0,0,-,0.0,0.0,0
41CC57CC,1628842080,17187,36.39,19.81,53.69,27.89,0.0,0.0,0.0,0.0,0.0,0.0,0.0,0.0,0,-,0.0,0.0,0
41CC57CC,1628842680,17188,37.3,19.88,51.3,27.75,0.0,0.0,0.0,0.0,0.0,0.0,0.0,0.0,0,-,0.0,0.0,0
41CC57CC,1628843280,17189,37.3,19.88,45.59,27.61,0.0,0.0,0.0,0.0,0.0,0.0,0.0,0.0,0,-,0.0,0.0,0
41CC57CC,1628843880,17190,36.09,20.0,46.09,27.47,0.0,0.0,0.0,0.0,0.0,0.0,0.0,0.0,0,-,0.0,0.0,0
41CC57CC,1628844480,17191,35.59,20.06,55.89,27.47,0.0,0.0,0.0,0.0,0.0,0.0,0.0,0.0,0,-,0.0,0.0,0
41CC57CC,1628845080,17192,36.39,20.12,48.09,27.47,0.0,0.0,0.0,0.0,0.0,0.0,0.0,0.0,0,-,0.0,0.0,0
41CC57CC,1628845680,17193,35.8,20.25,41.5,27.33,0.0,0.0,0.0,0.0,0.0,0.0,0.0,0.0,0,-,0.0,0.0,0
41CC57CC,1628846280,17194,33.69,20.31,49.5,27.33,0.0,0.0,0.0,0.0,0.0,0.0,0.0,0.0,0,-,0.0,0.0,0
41CC57CC,1628846880,17195,33.59,20.44,51.5,27.33,0.0,0.0,0.0,0.0,0.0,0.0,0.0,0.0,0,-,0.0,0.0,0
41CC57CC,1628847480,17196,34.69,20.56,48.19,27.33,0.0,0.0,0.0,0.0,0.0,0.0,0.0,0.0,0,-,0.0,0.0,0
41CC57CC,1628848080,17197,33.59,20.69,46.19,27.33,0.0,0.0,0.0,0.0,0.0,0.0,0.0,0.0,0,-,0.0,0.0,0
41CC57CC,1628848680,17198,32.59,20.81,49.39,27.33,0.0,0.0,0.0,0.0,0.0,0.0,0.0,0.0,0,-,0.0,0.0,0
41CC57CC,1628849280,17199,32.09,21.0,47.39,27.33,0.0,0.0,0.0,0.0,0.0,0.0,0.0,0.0,0,-,0.0,0.0,0
41CC57CC,1628849880,17200,32.0,21.06,47.8,27.33,0.0,0.0,0.0,0.0,0.0,0.0,0.0,0.0,0,-,0.0,0.0,0
41CC57CC,1628850479,17201,31.59,21.25,54.0,27.19,0.0,0.0,0.0,0.0,0.0,0.0,0.0,0.0,0,-,0.0,0.0,0
41CC57CC,1628851079,17202,31.69,21.38,47.8,27.19,0.0,0.0,0.0,0.0,0.0,0.0,0.0,0.0,0,-,0.0,0.0,0
41CC57CC,1628851679,17203,31.3,21.5,48.3,27.19,0.0,0.0,0.0,0.0,0.0,0.0,0.0,0.0,0,-,0.0,0.0,0
41CC57CC,1628852279,17204,30.19,21.62,51.89,27.19,0.0,0.0,0.0,0.0,0.0,0.0,0.0,0.0,0,-,0.0,0.0,0
41CC57CC,1628852879,17205,29.59,21.75,56.39,27.19,0.0,0.0,0.0,0.0,0.0,0.0,0.0,0.0,0,-,0.0,0.0,0
41CC57CC,1628853479,17206,29.59,21.81,55.39,27.19,0.0,0.0,0.0,0.0,0.0,0.0,0.0,0.0,0,-,0.0,0.0,0
41CC57CC,1628854086,17207,29.89,21.94,58.8,27.19,0.0,0.0,0.0,0.0,0.0,0.0,0.0,0.0,0,-,0.0,0.0,0
41CC57CC,1628854680,17208,30.5,22.06,58.19,27.19,0.0,0.0,0.0,0.0,0.0,0.0,0.0,0.0,0,-,0.0,0.0,0
41CC57CC,1628855280,17209,31.0,22.12,51.3,27.19,0.0,0.0,0.0,0.0,0.0,0.0,0.0,0.0,0,-,0.0,0.0,0
41CC57CC,1628855880,17210,31.09,22.25,54.89,27.05,0.0,0.0,0.0,0.0,0.0,0.0,0.0,0.0,0,-,0.0,0.0,0
41CC57CC,1628856480,17211,31.59,22.31,50.3,27.05,0.0,0.0,0.0,0.0,0.0,0.0,0.0,0.0,0,-,0.0,0.0,0
41CC57CC,1628857080,17212,31.09,22.44,53.0,27.05,0.0,0.0,0.0,0.0,0.0,0.0,0.0,0.0,0,-,0.0,0.0,0
41CC57CC,1628857680,17213,31.5,22.5,52.09,27.05,0.0,0.0,0.0,0.0,0.0,0.0,0.0,0.0,0,-,0.0,0.0,0
41CC57CC,1628858280,17214,31.89,22.62,48.69,27.05,0.0,0.0,0.0,0.0,0.0,0.0,0.0,0.0,0,-,0.0,0.0,0
41CC57CC,1628858880,17215,32.3,22.69,50.69,27.05,0.0,0.0,0.0,0.0,0.0,0.0,0.0,0.0,0,-,0.0,0.0,0
41CC57CC,1628859480,17216,32.5,22.75,51.3,27.05,0.0,0.0,0.0,0.0,0.0,0.0,0.0,0.0,0,-,0.0,0.0,0
41CC57CC,1628860080,17217,32.8,22.88,51.5,27.05,0.0,0.0,0.0,0.0,0.0,0.0,0.0,0.0,0,-,0.0,0.0,0
41CC57CC,1628860680,17218,32.89,22.94,53.19,26.91,0.0,0.0,0.0,0.0,0.0,0.0,0.0,0.0,0,-,0.0,0.0,0
41CC57CC,1628861280,17219,33.5,23.0,48.69,26.91,0.0,0.0,0.0,0.0,0.0,0.0,0.0,0.0,0,-,0.0,0.0,0
41CC57CC,1628861886,17220,34.0,23.12,46.8,26.91,0.0,0.0,0.0,0.0,0.0,0.0,0.0,0.0,0,-,0.0,0.0,0
41CC57CC,1628862480,17221,34.5,23.19,49.69,26.91,0.0,0.0,0.0,0.0,0.0,0.0,0.0,0.0,0,-,0.0,0.0,0
41CC57CC,1628863080,17222,35.5,23.25,48.89,26.91,0.0,0.0,0.0,0.0,0.0,0.0,0.0,0.0,0,-,0.0,0.0,0
41CC57CC,1628863680,17223,36.3,23.38,43.39,27.05,0.0,0.0,0.0,0.0,0.0,0.0,0.0,0.0,0,-,0.0,0.0,0
41CC57CC,1628864280,17224,36.3,23.44,49.5,26.91,0.0,0.0,0.0,0.0,0.0,0.0,0.0,0.0,0,-,0.0,0.0,0
41CC57CC,1628864880,17225,36.69,23.56,45.3,26.91,0.0,0.0,0.0,0.0,0.0,0.0,0.0,0.0,0,-,0.0,0.0,0
41CC57CC,1628865480,17226,36.19,23.62,48.39,26.91,0.0,0.0,0.0,0.0,0.0,0.0,0.0,0.0,0,-,0.0,0.0,0
41CC57CC,1628866080,17227,36.19,23.69,46.5,26.91,0.0,0.0,0.0,0.0,0.0,0.0,0.0,0.0,0,-,0.0,0.0,0
41CC57CC,1628866680,17228,36.09,23.75,47.0,26.91,0.0,0.0,0.0,0.0,0.0,0.0,0.0,0.0,0,-,0.0,0.0,0
41CC57CC,1628867280,17229,35.5,23.88,45.8,26.91,0.0,0.0,0.0,0.0,0.0,0.0,0.0,0.0,0,-,0.0,0.0,0
41CC57CC,1628867880,17230,35.5,23.94,44.8,26.77,0.0,0.0,0.0,0.0,0.0,0.0,0.0,0.0,0,-,0.0,0.0,0
41CC57CC,1628868480,17231,35.59,24.06,44.19,26.77,0.0,0.0,0.0,0.0,0.0,0.0,0.0,0.0,0,-,0.0,0.0,0
41CC57CC,1628869080,17232,35.0,24.12,44.5,26.77,0.0,0.0,0.0,0.0,0.0,0.0,0.0,0.0,0,-,0.0,0.0,0
41CC57CC,1628869680,17233,34.89,24.19,44.89,26.77,0.0,0.0,0.0,0.0,0.0,0.0,0.0,0.0,0,-,0.0,0.0,0
41CC57CC,1628870280,17234,33.59,24.25,48.19,26.77,0.0,0.0,0.0,0.0,0.0,0.0,0.0,0.0,0,-,0.0,0.0,0
41CC57CC,1628870880,17235,32.89,24.38,51.8,26.77,0.0,0.0,0.0,0.0,0.0,0.0,0.0,0.0,0,-,0.0,0.0,0
41CC57CC,1628871480,17236,31.59,24.44,56.3,26.91,0.0,0.0,0.0,0.0,0.0,0.0,0.0,0.0,0,-,0.0,0.0,0
41CC57CC,1628872080,17237,30.5,24.5,58.19,26.91,0.0,0.0,0.0,0.0,0.0,0.0,0.0,0.0,0,-,0.0,0.0,0
41CC57CC,1628872680,17238,29.69,24.56,64.59,26.91,0.0,0.0,0.0,0.0,0.0,0.0,0.0,0.0,0,-,0.0,0.0,0
41CC57CC,1628873280,17239,29.59,24.62,64.0,26.91,0.0,0.0,0.0,0.0,0.0,0.0,0.0,0.0,0,-,0.0,0.0,0
41CC57CC,1628873885,17240,29.09,24.69,67.0,27.05,0.0,0.0,0.0,0.0,0.0,0.0,0.0,0.0,0,-,0.0,0.0,0
41CC57CC,1628874480,17241,28.09,24.75,69.5,27.05,0.0,0.0,0.0,0.0,0.0,0.0,0.0,0.0,0,-,0.0,0.0,0
41CC57CC,1628875080,17242,26.8,24.75,75.39,27.05,0.0,0.0,0.0,0.0,0.0,0.0,0.0,0.0,0,-,0.0,0.0,0
41CC57CC,1628875680,17243,26.0,24.81,78.5,27.05,0.0,0.0,0.0,0.0,0.0,0.0,0.0,0.0,0,-,0.0,0.0,0
41CC57CC,1628876299,17244,25.19,24.88,81.69,27.05,0.0,0.0,0.0,0.0,0.0,0.0,0.0,0.0,0,-,0.0,0.0,0
41CC57CC,1628876880,17245,24.59,24.88,84.0,27.19,0.0,0.0,0.0,0.0,0.0,0.0,0.0,0.0,0,-,0.0,0.0,0
41CC57CC,1628877480,17246,24.09,24.94,86.0,27.19,0.0,0.0,0.0,0.0,0.0,0.0,0.0,0.0,0,-,0.0,0.0,0
41CC57CC,1628878080,17247,23.69,24.94,87.3,27.19,0.0,0.0,0.0,0.0,0.0,0.0,0.0,0.0,0,-,0.0,0.0,0
41CC57CC,1628878680,17248,23.3,24.94,88.59,27.61,0.0,0.0,0.0,0.0,0.0,0.0,0.0,0.0,0,-,0.0,0.0,0
41CC57CC,1628879280,17249,23.0,25.0,90.09,27.61,0.0,0.0,0.0,0.0,0.0,0.0,0.0,0.0,0,-,0.0,0.0,0
41CC57CC,1628879880,17250,22.69,25.0,90.69,27.61,0.0,0.0,0.0,0.0,0.0,0.0,0.0,0.0,0,-,0.0,0.0,0
41CC57CC,1628880480,17251,22.5,25.0,91.09,27.61,0.0,0.0,0.0,0.0,0.0,0.0,0.0,0.0,0,-,0.0,0.0,0
41CC57CC,1628881080,17252,22.19,25.0,91.39,27.75,0.0,0.0,0.0,0.0,0.0,0.0,0.0,0.0,0,-,0.0,0.0,0
41CC57CC,1628881680,17253,22.0,25.0,91.89,27.75,0.0,0.0,0.0,0.0,0.0,0.0,0.0,0.0,0,-,0.0,0.0,0
41CC57CC,1628882280,17254,21.8,25.0,91.89,27.75,0.0,0.0,0.0,0.0,0.0,0.0,0.0,0.0,0,-,0.0,0.0,0
41CC57CC,1628882880,17255,21.69,25.0,92.59,27.75,0.0,0.0,0.0,0.0,0.0,0.0,0.0,0.0,0,-,0.0,0.0,0
41CC57CC,1628883480,17256,21.59,24.94,93.0,27.75,0.0,0.0,0.0,0.0,0.0,0.0,0.0,0.0,0,-,0.0,0.0,0
41CC57CC,1628884080,17257,21.5,24.94,93.0,27.75,0.0,0.0,0.0,0.0,0.0,0.0,0.0,0.0,0,-,0.0,0.0,0
41CC57CC,1628884680,17258,21.3,24.94,92.69,27.89,0.0,0.0,0.0,0.0,0.0,0.0,0.0,0.0,0,-,0.0,0.0,0
41CC57CC,1628885280,17259,21.19,24.88,93.0,27.89,0.0,0.0,0.0,0.0,0.0,0.0,0.0,0.0,0,-,0.0,0.0,0
41CC57CC,1628885880,17260,21.0,24.88,92.8,27.89,0.0,0.0,0.0,0.0,0.0,0.0,0.0,0.0,0,-,0.0,0.0,0
41CC57CC,1628886480,17261,20.8,24.81,92.8,27.89,0.0,0.0,0.0,0.0,0.0,0.0,0.0,0.0,0,-,0.0,0.0,0
41CC57CC,1628887080,17262,20.69,24.81,93.3,27.89,0.0,0.0,0.0,0.0,0.0,0.0,0.0,0.0,0,-,0.0,0.0,0
41CC57CC,1628887680,17263,20.59,24.81,94.0,27.89,0.0,0.0,0.0,0.0,0.0,0.0,0.0,0.0,0,-,0.0,0.0,0
41CC57CC,1628888280,17264,20.5,24.75,94.19,27.89,0.0,0.0,0.0,0.0,0.0,0.0,0.0,0.0,0,-,0.0,0.0,0
41CC57CC,1628888880,17265,20.5,24.69,94.09,27.89,0.0,0.0,0.0,0.0,0.0,0.0,0.0,0.0,0,-,0.0,0.0,0
41CC57CC,1628889480,17266,20.3,24.69,93.39,27.89,0.0,0.0,0.0,0.0,0.0,0.0,0.0,0.0,0,-,0.0,0.0,0
41CC57CC,1628890080,17267,20.0,24.62,93.69,27.89,0.0,0.0,0.0,0.0,0.0,0.0,0.0,0.0,0,-,0.0,0.0,0
41CC57CC,1628890680,17268,19.8,24.62,93.8,27.89,0.0,0.0,0.0,0.0,0.0,0.0,0.0,0.0,0,-,0.0,0.0,0
41CC57CC,1628891280,17269,19.8,24.56,94.59,27.89,0.0,0.0,0.0,0.0,0.0,0.0,0.0,0.0,0,-,0.0,0.0,0
41CC57CC,1628891880,17270,19.59,24.5,94.09,27.89,0.0,0.0,0.0,0.0,0.0,0.0,0.0,0.0,0,-,0.0,0.0,0
41CC57CC,1628892480,17271,19.59,24.5,94.89,28.03,0.0,0.0,0.0,0.0,0.0,0.0,0.0,0.0,0,-,0.0,0.0,0
41CC57CC,1628893080,17272,19.69,24.44,94.89,27.89,0.0,0.0,0.0,0.0,0.0,0.0,0.0,0.0,0,-,0.0,0.0,0
41CC57CC,1628893680,17273,19.5,24.38,94.19,27.89,0.0,0.0,0.0,0.0,0.0,0.0,0.0,0.0,0,-,0.0,0.0,0
41CC57CC,1628894280,17274,19.39,24.31,94.89,27.89,0.0,0.0,0.0,0.0,0.0,0.0,0.0,0.0,0,-,0.0,0.0,0
41CC57CC,1628894880,17275,19.3,24.31,94.3,28.03,0.0,0.0,0.0,0.0,0.0,0.0,0.0,0.0,0,-,0.0,0.0,0
41CC57CC,1628895480,17276,19.19,24.25,95.0,28.03,0.0,0.0,0.0,0.0,0.0,0.0,0.0,0.0,0,-,0.0,0.0,0
41CC57CC,1628896080,17277,19.0,24.19,94.69,28.03,0.0,0.0,0.0,0.0,0.0,0.0,0.0,0.0,0,-,0.0,0.0,0
41CC57CC,1628896680,17278,19.0,24.12,94.59,28.03,0.0,0.0,0.0,0.0,0.0,0.0,0.0,0.0,0,-,0.0,0.0,0
41CC57CC,1628897280,17279,18.8,24.06,94.5,28.03,0.0,0.0,0.0,0.0,0.0,0.0,0.0,0.0,0,-,0.0,0.0,0
41CC57CC,1628897880,17280,18.8,24.0,95.3,28.03,0.0,0.0,0.0,0.0,0.0,0.0,0.0,0.0,0,-,0.0,0.0,0
41CC57CC,1628898480,17281,18.8,24.0,94.59,28.03,0.0,0.0,0.0,0.0,0.0,0.0,0.0,0.0,0,-,0.0,0.0,0
41CC57CC,1628899080,17282,18.5,23.94,94.89,28.03,0.0,0.0,0.0,0.0,0.0,0.0,0.0,0.0,0,-,0.0,0.0,0
41CC57CC,1628899680,17283,18.5,23.88,95.19,28.03,0.0,0.0,0.0,0.0,0.0,0.0,0.0,0.0,0,-,0.0,0.0,0
41CC57CC,1628900280,17284,18.5,23.81,95.09,28.03,0.0,0.0,0.0,0.0,0.0,0.0,0.0,0.0,0,-,0.0,0.0,0
41CC57CC,1628900880,17285,18.3,23.75,94.89,28.03,0.0,0.0,0.0,0.0,0.0,0.0,0.0,0.0,0,-,0.0,0.0,0
41CC57CC,1628901485,17286,18.19,23.69,95.19,28.03,0.0,0.0,0.0,0.0,0.0,0.0,0.0,0.0,0,-,0.0,0.0,0
41CC57CC,1628902080,17287,18.09,23.62,95.5,28.03,0.0,0.0,0.0,0.0,0.0,0.0,0.0,0.0,0,-,0.0,0.0,0
41CC57CC,1628902680,17288,18.09,23.56,95.59,28.03,0.0,0.0,0.0,0.0,0.0,0.0,0.0,0.0,0,-,0.0,0.0,0
41CC57CC,1628903280,17289,18.09,23.5,95.59,28.03,0.0,0.0,0.0,0.0,0.0,0.0,0.0,0.0,0,-,0.0,0.0,0
41CC57CC,1628903880,17290,18.0,23.44,95.5,28.03,0.0,0.0,0.0,0.0,0.0,0.0,0.0,0.0,0,-,0.0,0.0,0
41CC57CC,1628904480,17291,18.0,23.38,95.8,28.17,0.0,0.0,0.0,0.0,0.0,0.0,0.0,0.0,0,-,0.0,0.0,0
41CC57CC,1628905080,17292,18.09,23.31,95.89,28.03,0.0,0.0,0.0,0.0,0.0,0.0,0.0,0.0,0,-,0.0,0.0,0
41CC57CC,1628905680,17293,18.19,23.25,95.89,28.17,0.0,0.0,0.0,0.0,0.0,0.0,0.0,0.0,0,-,0.0,0.0,0
41CC57CC,1628906280,17294,18.39,23.19,96.0,28.17,0.0,0.0,0.0,0.0,0.0,0.0,0.0,0.0,0,-,0.0,0.0,0
41CC57CC,1628906880,17295,18.39,23.12,95.09,28.17,0.0,0.0,0.0,0.0,0.0,0.0,0.0,0.0,0,-,0.0,0.0,0
41CC57CC,1628907480,17296,18.39,23.06,95.59,28.17,0.0,0.0,0.0,0.0,0.0,0.0,0.0,0.0,0,-,0.0,0.0,0
41CC57CC,1628908080,17297,18.39,23.0,95.69,28.17,0.0,0.0,0.0,0.0,0.0,0.0,0.0,0.0,0,-,0.0,0.0,0
41CC57CC,1628908680,17298,18.69,22.94,95.89,28.17,0.0,0.0,0.0,0.0,0.0,0.0,0.0,0.0,0,-,0.0,0.0,0
41CC57CC,1628909280,17299,18.69,22.88,95.19,28.17,0.0,0.0,0.0,0.0,0.0,0.0,0.0,0.0,0,-,0.0,0.0,0
41CC57CC,1628909880,17300,18.5,22.81,95.39,28.17,0.0,0.0,0.0,0.0,0.0,0.0,0.0,0.0,0,-,0.0,0.0,0
41CC57CC,1628910480,17301,18.39,22.81,95.59,28.17,0.0,0.0,0.0,0.0,0.0,0.0,0.0,0.0,0,-,0.0,0.0,0
41CC57CC,1628911080,17302,18.39,22.75,95.89,28.3,0.0,0.0,0.0,0.0,0.0,0.0,0.0,0.0,0,-,0.0,0.0,0
41CC57CC,1628911680,17303,18.69,22.69,96.59,28.3,0.0,0.0,0.0,0.0,0.0,0.0,0.0,0.0,0,-,0.0,0.0,0
41CC57CC,1628912280,17304,18.8,22.62,96.5,28.3,0.0,0.0,0.0,0.0,0.0,0.0,0.0,0.0,0,-,0.0,0.0,0
41CC57CC,1628912880,17305,18.59,22.56,95.89,28.44,0.0,0.0,0.0,0.0,0.0,0.0,0.0,0.0,0,-,0.0,0.0,0
41CC57CC,1628913480,17306,18.59,22.5,96.69,28.44,0.0,0.0,0.0,0.0,0.0,0.0,0.0,0.0,0,-,0.0,0.0,0
41CC57CC,1628914080,17307,18.5,22.44,96.5,28.3,0.0,0.0,0.0,0.0,0.0,0.0,0.0,0.0,0,-,0.0,0.0,0
41CC57CC,1628914680,17308,18.3,22.44,96.19,28.44,0.0,0.0,0.0,0.0,0.0,0.0,0.0,0.0,0,-,0.0,0.0,0
41CC57CC,1628915280,17309,18.3,22.38,96.5,28.44,0.0,0.0,0.0,0.0,0.0,0.0,0.0,0.0,0,-,0.0,0.0,0
41CC57CC,1628915880,17310,18.3,22.31,96.59,28.44,0.0,0.0,0.0,0.0,0.0,0.0,0.0,0.0,0,-,0.0,0.0,0
41CC57CC,1628916480,17311,18.39,22.25,96.5,28.44,0.0,0.0,0.0,0.0,0.0,0.0,0.0,0.0,0,-,0.0,0.0,0
41CC57CC,1628917080,17312,18.5,22.19,96.59,28.44,0.0,0.0,0.0,0.0,0.0,0.0,0.0,0.0,0,-,0.0,0.0,0
41CC57CC,1628917680,17313,18.59,22.19,96.59,28.44,0.0,0.0,0.0,0.0,0.0,0.0,0.0,0.0,0,-,0.0,0.0,0
41CC57CC,1628918280,17314,19.0,22.12,97.19,28.44,0.0,0.0,0.0,0.0,0.0,0.0,0.0,0.0,0,-,0.0,0.0,0
41CC57CC,1628918880,17315,19.19,22.06,96.39,28.44,0.0,0.0,0.0,0.0,0.0,0.0,0.0,0.0,0,-,0.0,0.0,0
41CC57CC,1628919480,17316,19.39,22.0,95.69,28.44,0.0,0.0,0.0,0.0,0.0,0.0,0.0,0.0,0,-,0.0,0.0,0
41CC57CC,1628920080,17317,19.89,22.0,96.5,28.58,0.0,0.0,0.0,0.0,0.0,0.0,0.0,0.0,0,-,0.0,0.0,0
41CC57CC,1628920680,17318,20.39,21.94,96.59,28.58,0.0,0.0,0.0,0.0,0.0,0.0,0.0,0.0,0,-,0.0,0.0,0
41CC57CC,1628921280,17319,20.8,21.88,95.89,28.58,0.0,0.0,0.0,0.0,0.0,0.0,0.0,0.0,0,-,0.0,0.0,0
41CC57CC,1628921880,17320,21.19,21.88,95.5,28.58,0.0,0.0,0.0,0.0,0.0,0.0,0.0,0.0,0,-,0.0,0.0,0
41CC57CC,1628922480,17321,21.5,21.81,95.0,28.58,0.0,0.0,0.0,0.0,0.0,0.0,0.0,0.0,0,-,0.0,0.0,0
41CC57CC,1628923080,17322,22.09,21.81,93.59,28.58,0.0,0.0,0.0,0.0,0.0,0.0,0.0,0.0,0,-,0.0,0.0,0
41CC57CC,1628923680,17323,22.5,21.81,93.0,28.58,0.0,0.0,0.0,0.0,0.0,0.0,0.0,0.0,0,-,0.0,0.0,0
41CC57CC,1628924280,17324,22.89,21.75,92.5,28.72,0.0,0.0,0.0,0.0,0.0,0.0,0.0,0.0,0,-,0.0,0.0,0
41CC57CC,1628924880,17325,23.39,21.75,91.59,28.72,0.0,0.0,0.0,0.0,0.0,0.0,0.0,0.0,0,-,0.0,0.0,0
41CC57CC,1628925480,17326,24.19,21.75,90.0,28.58,0.0,0.0,0.0,0.0,0.0,0.0,0.0,0.0,0,-,0.0,0.0,0
41CC57CC,1628926080,17327,25.5,21.75,83.69,28.58,0.0,0.0,0.0,0.0,0.0,0.0,0.0,0.0,0,-,0.0,0.0,0
41CC57CC,1628926680,17328,26.59,21.75,78.59,28.58,0.0,0.0,0.0,0.0,0.0,0.0,0.0,0.0,0,-,0.0,0.0,0
41CC57CC,1628927280,17329,30.09,21.75,63.59,28.58,0.0,0.0,0.0,0.0,0.0,0.0,0.0,0.0,0,-,0.0,0.0,0
41CC57CC,1628927880,17330,33.3,21.75,57.8,28.44,0.0,0.0,0.0,0.0,0.0,0.0,0.0,0.0,0,-,0.0,0.0,0
41CC57CC,1628928480,17331,35.0,21.81,51.8,28.3,0.0,0.0,0.0,0.0,0.0,0.0,0.0,0.0,0,-,0.0,0.0,0
41CC57CC,1628929080,17332,34.09,21.88,53.59,28.3,0.0,0.0,0.0,0.0,0.0,0.0,0.0,0.0,0,-,0.0,0.0,0
41CC57CC,1628929687,17333,35.3,21.94,54.3,28.03,0.0,0.0,0.0,0.0,0.0,0.0,0.0,0.0,0,-,0.0,0.0,0
41CC57CC,1628930280,17334,36.19,22.0,49.5,27.89,0.0,0.0,0.0,0.0,0.0,0.0,0.0,0.0,0,-,0.0,0.0,0
41CC57CC,1628930880,17335,35.89,22.06,53.89,27.75,0.0,0.0,0.0,0.0,0.0,0.0,0.0,0.0,0,-,0.0,0.0,0
41CC57CC,1628931480,17336,35.69,22.12,51.89,27.75,0.0,0.0,0.0,0.0,0.0,0.0,0.0,0.0,0,-,0.0,0.0,0
41CC57CC,1628932080,17337,34.39,22.25,49.5,27.61,0.0,0.0,0.0,0.0,0.0,0.0,0.0,0.0,0,-,0.0,0.0,0
41CC57CC,1628932680,17338,33.59,22.31,52.3,27.61,0.0,0.0,0.0,0.0,0.0,0.0,0.0,0.0,0,-,0.0,0.0,0
41CC57CC,1628933280,17339,32.69,22.44,52.3,27.61,0.0,0.0,0.0,0.0,0.0,0.0,0.0,0.0,0,-,0.0,0.0,0
41CC57CC,1628933880,17340,31.89,22.56,56.89,27.47,0.0,0.0,0.0,0.0,0.0,0.0,0.0,0.0,0,-,0.0,0.0,0
41CC57CC,1628934480,17341,31.69,22.69,59.69,27.47,0.0,0.0,0.0,0.0,0.0,0.0,0.0,0.0,0,-,0.0,0.0,0
41CC57CC,1628935080,17342,33.3,22.81,56.8,27.47,0.0,0.0,0.0,0.0,0.0,0.0,0.0,0.0,0,-,0.0,0.0,0
41CC57CC,1628935680,17343,33.59,22.94,50.59,27.33,0.0,0.0,0.0,0.0,0.0,0.0,0.0,0.0,0,-,0.0,0.0,0
41CC57CC,1628936280,17344,33.0,23.0,50.8,27.33,0.0,0.0,0.0,0.0,0.0,0.0,0.0,0.0,0,-,0.0,0.0,0
41CC57CC,1628936880,17345,32.89,23.12,51.5,27.33,0.0,0.0,0.0,0.0,0.0,0.0,0.0,0.0,0,-,0.0,0.0,0
41CC57CC,1628937480,17346,32.5,23.25,47.3,27.33,0.0,0.0,0.0,0.0,0.0,0.0,0.0,0.0,0,-,0.0,0.0,0
41CC57CC,1628938080,17347,33.09,23.31,48.8,27.33,0.0,0.0,0.0,0.0,0.0,0.0,0.0,0.0,0,-,0.0,0.0,0
41CC57CC,1628938680,17348,33.19,23.44,48.39,27.19,0.0,0.0,0.0,0.0,0.0,0.0,0.0,0.0,0,-,0.0,0.0,0
41CC57CC,1628939280,17349,33.09,23.5,48.39,27.19,0.0,0.0,0.0,0.0,0.0,0.0,0.0,0.0,0,-,0.0,0.0,0
41CC57CC,1628939880,17350,33.19,23.62,48.69,27.19,0.0,0.0,0.0,0.0,0.0,0.0,0.0,0.0,0,-,0.0,0.0,0
41CC57CC,1628940480,17351,32.89,23.69,48.09,27.19,0.0,0.0,0.0,0.0,0.0,0.0,0.0,0.0,0,-,0.0,0.0,0
41CC57CC,1628941080,17352,32.89,23.81,49.5,27.19,0.0,0.0,0.0,0.0,0.0,0.0,0.0,0.0,0,-,0.0,0.0,0
41CC57CC,1628941680,17353,32.59,23.88,49.5,27.19,0.0,0.0,0.0,0.0,0.0,0.0,0.0,0.0,0,-,0.0,0.0,0
41CC57CC,1628942284,17354,32.59,24.0,52.89,27.05,0.0,0.0,0.0,0.0,0.0,0.0,0.0,0.0,0,-,0.0,0.0,0
41CC57CC,1628942880,17355,32.39,24.06,50.0,27.05,0.0,0.0,0.0,0.0,0.0,0.0,0.0,0.0,0,-,0.0,0.0,0
41CC57CC,1628943539,17356,32.69,24.12,48.8,27.05,0.0,0.0,0.0,0.0,0.0,0.0,0.0,0.0,0,-,0.0,0.0,0
41CC57CC,1628944139,17357,32.59,24.25,48.8,27.05,0.0,0.0,0.0,0.0,0.0,0.0,0.0,0.0,0,-,0.0,0.0,0
41CC57CC,1628944738,17358,32.59,24.31,50.59,27.05,0.0,0.0,0.0,0.0,0.0,0.0,0.0,0.0,0,-,0.0,0.0,0
41CC57CC,1628945338,17359,33.19,24.38,49.39,27.05,0.0,0.0,0.0,0.0,0.0,0.0,0.0,0.0,0,-,0.0,0.0,0
41CC57CC,1628946538,17360,33.5,24.5,48.8,26.91,0.0,0.0,0.0,0.0,0.0,0.0,0.0,0.0,0,-,0.0,0.0,0
41CC57CC,1628947138,17361,34.39,24.56,46.0,26.91,0.0,0.0,0.0,0.0,0.0,0.0,0.0,0.0,0,-,0.0,0.0,0
41CC57CC,1628947738,17362,34.69,24.62,43.0,26.91,0.0,0.0,0.0,0.0,0.0,0.0,0.0,0.0,0,-,0.0,0.0,0
41CC57CC,1628948338,17363,34.09,24.69,47.09,26.91,0.0,0.0,0.0,0.0,0.0,0.0,0.0,0.0,0,-,0.0,0.0,0
41CC57CC,1628948939,17364,34.89,24.75,46.3,26.91,0.0,0.0,0.0,0.0,0.0,0.0,0.0,0.0,0,-,0.0,0.0,0
41CC57CC,1628949539,17365,35.5,24.81,46.3,26.77,0.0,0.0,0.0,0.0,0.0,0.0,0.0,0.0,0,-,0.0,0.0,0
41CC57CC,1628950139,17366,35.5,24.88,45.19,26.77,0.0,0.0,0.0,0.0,0.0,0.0,0.0,0.0,0,-,0.0,0.0,0
41CC57CC,1628950739,17367,35.39,24.94,43.3,26.77,0.0,0.0,0.0,0.0,0.0,0.0,0.0,0.0,0,-,0.0,0.0,0
41CC57CC,1628951339,17368,35.19,25.0,45.19,26.77,0.0,0.0,0.0,0.0,0.0,0.0,0.0,0.0,0,-,0.0,0.0,0
41CC57CC,1628951939,17369,35.5,25.06,46.0,26.77,0.0,0.0,0.0,0.0,0.0,0.0,0.0,0.0,0,-,0.0,0.0,0
41CC57CC,1628952539,17370,35.3,25.12,44.0,26.77,0.0,0.0,0.0,0.0,0.0,0.0,0.0,0.0,0,-,0.0,0.0,0
41CC57CC,1628953139,17371,35.69,25.19,44.8,26.77,0.0,0.0,0.0,0.0,0.0,0.0,0.0,0.0,0,-,0.0,0.0,0
41CC57CC,1628953746,17372,35.39,25.25,43.89,26.62,0.0,0.0,0.0,0.0,0.0,0.0,0.0,0.0,0,-,0.0,0.0,0
41CC57CC,1628954339,17373,35.09,25.31,44.8,26.62,0.0,0.0,0.0,0.0,0.0,0.0,0.0,0.0,0,-,0.0,0.0,0
41CC57CC,1628954963,17374,35.19,25.38,44.39,26.62,0.0,0.0,0.0,0.0,0.0,0.0,0.0,0.0,0,-,0.0,0.0,0
41CC57CC,1628955539,17375,34.89,25.44,42.09,26.62,0.0,0.0,0.0,0.0,0.0,0.0,0.0,0.0,0,-,0.0,0.0,0
41CC57CC,1628956139,17376,34.8,25.5,45.59,26.62,0.0,0.0,0.0,0.0,0.0,0.0,0.0,0.0,0,-,0.0,0.0,0
41CC57CC,1628956739,17377,34.59,25.56,46.69,26.62,0.0,0.0,0.0,0.0,0.0,0.0,0.0,0.0,0,-,0.0,0.0,0
41CC57CC,1628957339,17378,34.09,25.62,48.5,26.62,0.0,0.0,0.0,0.0,0.0,0.0,0.0,0.0,0,-,0.0,0.0,0
41CC57CC,1628957939,17379,32.89,25.69,52.5,26.62,0.0,0.0,0.0,0.0,0.0,0.0,0.0,0.0,0,-,0.0,0.0,0
41CC57CC,1628958539,17380,30.89,25.69,57.09,26.62,0.0,0.0,0.0,0.0,0.0,0.0,0.0,0.0,0,-,0.0,0.0,0
41CC57CC,1628959143,17381,29.89,25.75,60.8,26.62,0.0,0.0,0.0,0.0,0.0,0.0,0.0,0.0,0,-,0.0,0.0,0
41CC57CC,1628959739,17382,28.89,25.81,64.69,26.62,0.0,0.0,0.0,0.0,0.0,0.0,0.0,0.0,0,-,0.0,0.0,1
41CC57CC,1628960339,17383,28.0,25.81,68.3,26.62,0.0,0.0,0.0,0.0,0.0,0.0,0.0,0.0,0,-,0.0,0.0,1
41CC57CC,1628960939,17384,27.39,25.88,71.3,26.62,0.0,0.0,0.0,0.0,0.0,0.0,0.0,0.0,0,-,0.0,0.0,1
41CC57CC,1628961539,17385,26.8,25.88,73.8,26.77,0.0,0.0,0.0,0.0,0.0,0.0,0.0,0.0,0,-,0.0,0.0,1
41CC57CC,1628962142,17386,26.19,25.94,75.59,26.77,0.0,0.0,0.0,0.0,0.0,0.0,0.0,0.0,0,-,0.0,0.0,1
41CC57CC,1628962739,17387,25.8,25.94,77.39,26.77,0.0,0.0,0.0,0.0,0.0,0.0,0.0,0.0,0,-,0.0,0.0,1
41CC57CC,1628963359,17388,25.3,25.94,79.19,26.77,0.0,0.0,0.0,0.0,0.0,0.0,0.0,0.0,0,-,0.0,0.0,1
41CC57CC,1628963939,17389,24.8,26.0,80.5,26.77,0.0,0.0,0.0,0.0,0.0,0.0,0.0,0.0,0,-,0.0,0.0,0
41CC57CC,1628964539,17390,24.3,26.0,82.69,26.77,0.0,0.0,0.0,0.0,0.0,0.0,0.0,0.0,0,-,0.0,0.0,0
41CC57CC,1628965139,17391,24.0,26.0,85.09,26.91,0.0,0.0,0.0,0.0,0.0,0.0,0.0,0.0,0,-,0.0,0.0,0
41CC57CC,1628965759,17392,23.69,26.0,86.5,26.91,0.0,0.0,0.0,0.0,0.0,0.0,0.0,0.0,0,-,0.0,0.0,0
41CC57CC,1628966339,17393,23.39,26.0,87.69,27.05,0.0,0.0,0.0,0.0,0.0,0.0,0.0,0.0,0,-,0.0,0.0,0
41CC57CC,1628966959,17394,23.09,26.0,89.09,27.05,0.0,0.0,0.0,0.0,0.0,0.0,0.0,0.0,0,-,0.0,0.0,0
41CC57CC,1628967539,17395,22.89,25.94,90.19,27.05,0.0,0.0,0.0,0.0,0.0,0.0,0.0,0.0,0,-,0.0,0.0,0
41CC57CC,1628968139,17396,22.59,25.94,90.19,27.05,0.0,0.0,0.0,0.0,0.0,0.0,0.0,0.0,0,-,0.0,0.0,0
41CC57CC,1628968739,17397,22.3,25.94,90.59,27.19,0.0,0.0,0.0,0.0,0.0,0.0,0.0,0.0,0,-,0.0,0.0,0
41CC57CC,1628969339,17398,22.19,25.94,90.8,27.19,0.0,0.0,0.0,0.0,0.0,0.0,0.0,0.0,0,-,0.0,0.0,0
41CC57CC,1628969939,17399,22.0,25.88,91.69,27.19,0.0,0.0,0.0,0.0,0.0,0.0,0.0,0.0,0,-,0.0,0.0,0
41CC57CC,1628970539,17400,21.89,25.88,91.19,27.33,0.0,0.0,0.0,0.0,0.0,0.0,0.0,0.0,0,-,0.0,0.0,0
41CC57CC,1628971139,17401,21.59,25.81,91.8,27.33,0.0,0.0,0.0,0.0,0.0,0.0,0.0,0.0,0,-,0.0,0.0,0
41CC57CC,1628971739,17402,21.39,25.81,91.89,27.33,0.0,0.0,0.0,0.0,0.0,0.0,0.0,0.0,0,-,0.0,0.0,0
41CC57CC,1628972339,17403,21.19,25.75,92.39,27.33,0.0,0.0,0.0,0.0,0.0,0.0,0.0,0.0,0,-,0.0,0.0,0
41CC57CC,1628972939,17404,21.0,25.75,92.69,27.33,0.0,0.0,0.0,0.0,0.0,0.0,0.0,0.0,0,-,0.0,0.0,0
41CC57CC,1628973539,17405,20.69,25.69,93.09,27.47,0.0,0.0,0.0,0.0,0.0,0.0,0.0,0.0,0,-,0.0,0.0,0
41CC57CC,1628974139,17406,20.69,25.62,93.0,27.47,0.0,0.0,0.0,0.0,0.0,0.0,0.0,0.0,0,-,0.0,0.0,0
41CC57CC,1628974739,17407,20.59,25.62,92.89,27.47,0.0,0.0,0.0,0.0,0.0,0.0,0.0,0.0,0,-,0.0,0.0,0
41CC57CC,1628975354,17408,20.59,25.56,92.69,27.47,0.0,0.0,0.0,0.0,0.0,0.0,0.0,0.0,0,-,0.0,0.0,0
41CC57CC,1628975939,17409,20.3,25.5,93.19,27.47,0.0,0.0,0.0,0.0,0.0,0.0,0.0,0.0,0,-,0.0,0.0,0
41CC57CC,1628976544,17410,20.39,25.5,93.59,27.61,0.0,0.0,0.0,0.0,0.0,0.0,0.0,0.0,0,-,0.0,0.0,0
41CC57CC,1628977139,17411,20.3,25.44,92.89,27.61,0.0,0.0,0.0,0.0,0.0,0.0,0.0,0.0,0,-,0.0,0.0,0
41CC57CC,1628977739,17412,20.09,25.38,93.69,27.61,0.0,0.0,0.0,0.0,0.0,0.0,0.0,0.0,0,-,0.0,0.0,0
41CC57CC,1628978339,17413,19.89,25.31,93.19,27.61,0.0,0.0,0.0,0.0,0.0,0.0,0.0,0.0,0,-,0.0,0.0,0
41CC57CC,1628978939,17414,19.59,25.25,93.8,27.61,0.0,0.0,0.0,0.0,0.0,0.0,0.0,0.0,0,-,0.0,0.0,0
41CC57CC,1628979539,17415,19.5,25.19,93.8,27.61,0.0,0.0,0.0,0.0,0.0,0.0,0.0,0.0,0,-,0.0,0.0,0
41CC57CC,1628980139,17416,19.3,25.12,93.89,27.61,0.0,0.0,0.0,0.0,0.0,0.0,0.0,0.0,0,-,0.0,0.0,0
41CC57CC,1628980739,17417,19.19,25.06,94.09,27.61,0.0,0.0,0.0,0.0,0.0,0.0,0.0,0.0,0,-,0.0,0.0,0
41CC57CC,1628981339,17418,19.0,25.06,94.39,27.61,0.0,0.0,0.0,0.0,0.0,0.0,0.0,0.0,0,-,0.0,0.0,0
41CC57CC,1628981939,17419,19.09,25.0,94.8,27.75,0.0,0.0,0.0,0.0,0.0,0.0,0.0,0.0,0,-,0.0,0.0,0
41CC57CC,1628982544,17420,19.09,24.94,94.5,27.75,0.0,0.0,0.0,0.0,0.0,0.0,0.0,0.0,0,-,0.0,0.0,0
41CC57CC,1628983139,17421,19.0,24.81,94.5,27.75,0.0,0.0,0.0,0.0,0.0,0.0,0.0,0.0,0,-,0.0,0.0,0
41CC57CC,1628983739,17422,18.89,24.75,94.39,27.75,0.0,0.0,0.0,0.0,0.0,0.0,0.0,0.0,0,-,0.0,0.0,0
41CC57CC,1628984339,17423,18.69,24.75,94.3,27.75,0.0,0.0,0.0,0.0,0.0,0.0,0.0,0.0,0,-,0.0,0.0,0
41CC57CC,1628984939,17424,18.59,24.62,94.69,27.75,0.0,0.0,0.0,0.0,0.0,0.0,0.0,0.0,0,-,0.0,0.0,0
41CC57CC,1628985539,17425,18.59,24.56,94.59,27.75,0.0,0.0,0.0,0.0,0.0,0.0,0.0,0.0,0,-,0.0,0.0,0
41CC57CC,1628986139,17426,18.39,24.5,94.69,27.75,0.0,0.0,0.0,0.0,0.0,0.0,0.0,0.0,0,-,0.0,0.0,0
41CC57CC,1628986739,17427,18.39,24.44,94.69,27.75,0.0,0.0,0.0,0.0,0.0,0.0,0.0,0.0,0,-,0.0,0.0,0
41CC57CC,1628987339,17428,18.3,24.38,94.8,27.89,0.0,0.0,0.0,0.0,0.0,0.0,0.0,0.0,0,-,0.0,0.0,0
41CC57CC,1628987939,17429,18.3,24.31,95.0,27.89,0.0,0.0,0.0,0.0,0.0,0.0,0.0,0.0,0,-,0.0,0.0,0
41CC57CC,1628988539,17430,18.19,24.25,94.8,27.89,0.0,0.0,0.0,0.0,0.0,0.0,0.0,0.0,0,-,0.0,0.0,0
41CC57CC,1628989139,17431,18.0,24.19,95.0,27.89,0.0,0.0,0.0,0.0,0.0,0.0,0.0,0.0,0,-,0.0,0.0,0
41CC57CC,1628989739,17432,18.0,24.06,95.0,27.89,0.0,0.0,0.0,0.0,0.0,0.0,0.0,0.0,0,-,0.0,0.0,0
41CC57CC,1628990339,17433,17.89,24.0,95.09,27.89,0.0,0.0,0.0,0.0,0.0,0.0,0.0,0.0,0,-,0.0,0.0,0
41CC57CC,1628990939,17434,17.8,23.94,95.19,28.03,0.0,0.0,0.0,0.0,0.0,0.0,0.0,0.0,0,-,0.0,0.0,0
41CC57CC,1628991539,17435,17.8,23.88,95.69,28.03,0.0,0.0,0.0,0.0,0.0,0.0,0.0,0.0,0,-,0.0,0.0,0
41CC57CC,1628992139,17436,17.69,23.81,95.5,28.03,0.0,0.0,0.0,0.0,0.0,0.0,0.0,0.0,0,-,0.0,0.0,0
41CC57CC,1628992739,17437,17.69,23.69,95.39,28.03,0.0,0.0,0.0,0.0,0.0,0.0,0.0,0.0,0,-,0.0,0.0,0
41CC57CC,1628993339,17438,17.59,23.69,95.3,28.03,0.0,0.0,0.0,0.0,0.0,0.0,0.0,0.0,0,-,0.0,0.0,0
41CC57CC,1628993939,17439,17.5,23.56,95.5,28.03,0.0,0.0,0.0,0.0,0.0,0.0,0.0,0.0,0,-,0.0,0.0,0
41CC57CC,1628994539,17440,17.39,23.5,95.5,28.03,0.0,0.0,0.0,0.0,0.0,0.0,0.0,0.0,0,-,0.0,0.0,0
41CC57CC,1628995139,17441,17.39,23.44,95.5,28.03,0.0,0.0,0.0,0.0,0.0,0.0,0.0,0.0,0,-,0.0,0.0,0
41CC57CC,1628995739,17442,17.3,23.38,95.69,28.03,0.0,0.0,0.0,0.0,0.0,0.0,0.0,0.0,0,-,0.0,0.0,0
41CC57CC,1628996339,17443,17.3,23.25,95.8,28.17,0.0,0.0,0.0,0.0,0.0,0.0,0.0,0.0,0,-,0.0,0.0,0
41CC57CC,1628996939,17444,17.19,23.19,96.0,28.17,0.0,0.0,0.0,0.0,0.0,0.0,0.0,0.0,0,-,0.0,0.0,0
41CC57CC,1628997539,17445,17.09,23.12,95.89,28.17,0.0,0.0,0.0,0.0,0.0,0.0,0.0,0.0,0,-,0.0,0.0,0
41CC57CC,1628998139,17446,17.09,23.06,95.8,28.17,0.0,0.0,0.0,0.0,0.0,0.0,0.0,0.0,0,-,0.0,0.0,0
41CC57CC,1628998739,17447,17.0,23.0,96.0,28.17,0.0,0.0,0.0,0.0,0.0,0.0,0.0,0.0,0,-,0.0,0.0,0
41CC57CC,1628999339,17448,16.89,22.88,96.0,28.17,0.0,0.0,0.0,0.0,0.0,0.0,0.0,0.0,0,-,0.0,0.0,0
41CC57CC,1628999939,17449,16.89,22.81,96.0,28.17,0.0,0.0,0.0,0.0,0.0,0.0,0.0,0.0,0,-,0.0,0.0,0
41CC57CC,1629000539,17450,16.8,22.75,96.09,28.17,0.0,0.0,0.0,0.0,0.0,0.0,0.0,0.0,0,-,0.0,0.0,0
41CC57CC,1629001139,17451,16.8,22.69,96.3,28.17,0.0,0.0,0.0,0.0,0.0,0.0,0.0,0.0,0,-,0.0,0.0,0
41CC57CC,1629001739,17452,16.89,22.62,96.5,28.17,0.0,0.0,0.0,0.0,0.0,0.0,0.0,0.0,0,-,0.0,0.0,0
41CC57CC,1629002339,17453,17.0,22.56,96.09,28.17,0.0,0.0,0.0,0.0,0.0,0.0,0.0,0.0,0,-,0.0,0.0,0
41CC57CC,1629002939,17454,17.09,22.5,96.3,28.17,0.0,0.0,0.0,0.0,0.0,0.0,0.0,0.0,0,-,0.0,0.0,0
41CC57CC,1629003539,17455,17.19,22.38,95.89,28.3,0.0,0.0,0.0,0.0,0.0,0.0,0.0,0.0,0,-,0.0,0.0,0
41CC57CC,1629004139,17456,17.39,22.31,95.89,28.3,0.0,0.0,0.0,0.0,0.0,0.0,0.0,0.0,0,-,0.0,0.0,0
41CC57CC,1629004739,17457,17.69,22.25,96.09,28.3,0.0,0.0,0.0,0.0,0.0,0.0,0.0,0.0,0,-,0.0,0.0,0
41CC57CC,1629005339,17458,18.09,22.19,96.0,28.3,0.0,0.0,0.0,0.0,0.0,0.0,0.0,0.0,0,-,0.0,0.0,0
41CC57CC,1629005939,17459,18.39,22.12,95.5,28.3,0.0,0.0,0.0,0.0,0.0,0.0,0.0,0.0,0,-,0.0,0.0,0
41CC57CC,1629006539,17460,18.89,22.06,95.0,28.3,0.0,0.0,0.0,0.0,0.0,0.0,0.0,0.0,0,-,0.0,0.0,0
41CC57CC,1629007139,17461,19.3,22.0,94.59,28.3,0.0,0.0,0.0,0.0,0.0,0.0,0.0,0.0,0,-,0.0,0.0,0
41CC57CC,1629007739,17462,19.59,21.94,93.59,28.44,0.0,0.0,0.0,0.0,0.0,0.0,0.0,0.0,0,-,0.0,0.0,0
41CC57CC,1629008339,17463,20.0,21.94,93.8,28.44,0.0,0.0,0.0,0.0,0.0,0.0,0.0,0.0,0,-,0.0,0.0,0
41CC57CC,1629008939,17464,20.69,21.88,93.0,28.44,0.0,0.0,0.0,0.0,0.0,0.0,0.0,0.0,0,-,0.0,0.0,0
41CC57CC,1629009539,17465,21.69,21.81,92.3,28.44,0.0,0.0,0.0,0.0,0.0,0.0,0.0,0.0,0,-,0.0,0.0,0
41CC57CC,1629010143,17466,22.5,21.81,91.69,28.44,0.0,0.0,0.0,0.0,0.0,0.0,0.0,0.0,0,-,0.0,0.0,0
41CC57CC,1629010739,17467,23.0,21.75,89.5,28.58,0.0,0.0,0.0,0.0,0.0,0.0,0.0,0.0,0,-,0.0,0.0,0
41CC57CC,1629011339,17468,23.59,21.75,89.09,28.58,0.0,0.0,0.0,0.0,0.0,0.0,0.0,0.0,0,-,0.0,0.0,0
41CC57CC,1629011939,17469,24.0,21.69,87.59,28.58,0.0,0.0,0.0,0.0,0.0,0.0,0.0,0.0,0,-,0.0,0.0,0
41CC57CC,1629012539,17470,24.39,21.69,86.69,28.58,0.0,0.0,0.0,0.0,0.0,0.0,0.0,0.0,0,-,0.0,0.0,0
41CC57CC,1629013139,17471,25.69,21.69,82.8,28.58,0.0,0.0,0.0,0.0,0.0,0.0,0.0,0.0,0,-,0.0,0.0,0
41CC57CC,1629013744,17472,31.59,21.69,68.8,28.44,0.0,0.0,0.0,0.0,0.0,0.0,0.0,0.0,0,-,0.0,0.0,0
41CC57CC,1629014339,17473,36.5,21.75,59.5,28.3,0.0,0.0,0.0,0.0,0.0,0.0,0.0,0.0,0,-,0.0,0.0,0
41CC57CC,1629014939,17474,39.39,21.75,52.39,28.17,0.0,0.0,0.0,0.0,0.0,0.0,0.0,0.0,0,-,0.0,0.0,0
41CC57CC,1629015539,17475,40.8,21.81,52.09,27.89,0.0,0.0,0.0,0.0,0.0,0.0,0.0,0.0,0,-,0.0,0.0,0
41CC57CC,1629016145,17476,41.5,21.94,44.39,27.61,0.0,0.0,0.0,0.0,0.0,0.0,0.0,0.0,0,-,0.0,0.0,1
41CC57CC,1629016739,17477,40.19,22.0,46.39,27.47,0.0,0.0,0.0,0.0,0.0,0.0,0.0,0.0,0,-,0.0,0.0,1
41CC57CC,1629017339,17478,40.09,22.06,41.3,27.47,0.0,0.0,0.0,0.0,0.0,0.0,0.0,0.0,0,-,0.0,0.0,1
41CC57CC,1629017943,17479,40.89,22.19,38.8,27.47,0.0,0.0,0.0,0.0,0.0,0.0,0.0,0.0,0,-,0.0,0.0,1
41CC57CC,1629018543,17480,39.8,22.31,40.69,27.33,0.0,0.0,0.0,0.0,0.0,0.0,0.0,0.0,0,-,0.0,0.0,1
41CC57CC,1629019139,17481,39.0,22.44,40.69,27.19,0.0,0.0,0.0,0.0,0.0,0.0,0.0,0.0,0,-,0.0,0.0,1
41CC57CC,1629019739,17482,38.69,22.56,41.0,27.19,0.0,0.0,0.0,0.0,0.0,0.0,0.0,0.0,0,-,0.0,0.0,1
41CC57CC,1629020339,17483,39.09,22.75,41.0,27.19,0.0,0.0,0.0,0.0,0.0,0.0,0.0,0.0,0,-,0.0,0.0,1
41CC57CC,1629020939,17484,38.3,22.88,41.3,27.05,0.0,0.0,0.0,0.0,0.0,0.0,0.0,0.0,0,-,0.0,0.0,1
41CC57CC,1629021539,17485,37.39,23.06,38.19,27.05,0.0,0.0,0.0,0.0,0.0,0.0,0.0,0.0,0,-,0.0,0.0,1
41CC57CC,1629022140,17486,37.3,23.25,41.69,27.05,0.0,0.0,0.0,0.0,0.0,0.0,0.0,0.0,0,-,0.0,0.0,1
41CC57CC,1629022936,17487,37.3,23.44,39.39,27.05,0.0,0.0,0.0,0.0,0.0,0.0,0.0,0.0,0,-,0.0,0.0,1
41CC57CC,1629023536,17488,37.19,23.56,37.0,27.05,0.0,0.0,0.0,0.0,0.0,0.0,0.0,0.0,0,-,0.0,0.0,1
41CC57CC,1629024136,17489,37.09,23.75,42.19,26.91,0.0,0.0,0.0,0.0,0.0,0.0,0.0,0.0,0,-,0.0,0.0,1
41CC57CC,1629024736,17490,36.8,23.88,37.19,26.91,0.0,0.0,0.0,0.0,0.0,0.0,0.0,0.0,0,-,0.0,0.0,1
41CC57CC,1629025336,17491,36.5,24.0,39.8,26.91,0.0,0.0,0.0,0.0,0.0,0.0,0.0,0.0,0,-,0.0,0.0,1
41CC57CC,1629025936,17492,36.3,24.19,43.19,26.91,0.0,0.0,0.0,0.0,0.0,0.0,0.0,0.0,0,-,0.0,0.0,1
41CC57CC,1629026536,17493,36.19,24.25,40.0,26.77,0.0,0.0,0.0,0.0,0.0,0.0,0.0,0.0,0,-,0.0,0.0,1
41CC57CC,1629027136,17494,35.89,24.38,39.39,26.77,0.0,0.0,0.0,0.0,0.0,0.0,0.0,0.0,0,-,0.0,0.0,1
41CC57CC,1629027736,17495,35.59,24.5,41.89,26.77,0.0,0.0,0.0,0.0,0.0,0.0,0.0,0.0,0,-,0.0,0.0,0
41CC57CC,1629028336,17496,35.3,24.62,42.69,26.77,0.0,0.0,0.0,0.0,0.0,0.0,0.0,0.0,0,-,0.0,0.0,0
41CC57CC,1629028936,17497,35.5,24.75,43.09,26.77,0.0,0.0,0.0,0.0,0.0,0.0,0.0,0.0,0,-,0.0,0.0,0
41CC57CC,1629029536,17498,35.59,24.88,41.69,26.77,0.0,0.0,0.0,0.0,0.0,0.0,0.0,0.0,0,-,0.0,0.0,0
41CC57CC,1629030136,17499,35.8,24.94,42.59,26.62,0.0,0.0,0.0,0.0,0.0,0.0,0.0,0.0,0,-,0.0,0.0,0
41CC57CC,1629030736,17500,35.0,25.06,43.39,26.62,0.0,0.0,0.0,0.0,0.0,0.0,0.0,0.0,0,-,0.0,0.0,0
41CC57CC,1629031336,17501,35.19,25.19,41.39,26.62,0.0,0.0,0.0,0.0,0.0,0.0,0.0,0.0,0,-,0.0,0.0,0
41CC57CC,1629031936,17502,35.09,25.25,43.3,26.62,0.0,0.0,0.0,0.0,0.0,0.0,0.0,0.0,0,-,0.0,0.0,0
41CC57CC,1629032536,17503,35.5,25.31,44.69,26.48,0.0,0.0,0.0,0.0,0.0,0.0,0.0,0.0,0,-,0.0,0.0,0
41CC57CC,1629033136,17504,35.5,25.44,41.5,26.48,0.0,0.0,0.0,0.0,0.0,0.0,0.0,0.0,0,-,0.0,0.0,0
41CC57CC,1629033736,17505,34.39,25.5,41.3,26.48,0.0,0.0,0.0,0.0,0.0,0.0,0.0,0.0,0,-,0.0,0.0,0
41CC57CC,1629034336,17506,34.09,25.56,44.69,26.48,0.0,0.0,0.0,0.0,0.0,0.0,0.0,0.0,0,-,0.0,0.0,0
41CC57CC,1629034936,17507,33.89,25.69,45.09,26.48,0.0,0.0,0.0,0.0,0.0,0.0,0.0,0.0,0,-,0.0,0.0,0
41CC57CC,1629035552,17508,33.39,25.75,47.8,26.48,0.0,0.0,0.0,0.0,0.0,0.0,0.0,0.0,0,-,0.0,0.0,0
41CC57CC,1629036136,17509,34.09,25.81,44.69,26.48,0.0,0.0,0.0,0.0,0.0,0.0,0.0,0.0,0,-,0.0,0.0,0
41CC57CC,1629036736,17510,34.59,25.88,43.59,26.48,0.0,0.0,0.0,0.0,0.0,0.0,0.0,0.0,0,-,0.0,0.0,0
41CC57CC,1629037336,17511,34.09,25.94,47.19,26.48,0.0,0.0,0.0,0.0,0.0,0.0,0.0,0.0,0,-,0.0,0.0,0
41CC57CC,1629037936,17512,33.89,26.0,49.0,26.36,0.0,0.0,0.0,0.0,0.0,0.0,0.0,0.0,0,-,0.0,0.0,0
41CC57CC,1629038556,17513,34.3,26.06,47.8,26.36,0.0,0.0,0.0,0.0,0.0,0.0,0.0,0.0,0,-,0.0,0.0,0
41CC57CC,1629039136,17514,33.89,26.06,45.8,26.36,0.0,0.0,0.0,0.0,0.0,0.0,0.0,0.0,0,-,0.0,0.0,0
41CC57CC,1629039736,17515,34.09,26.12,47.19,26.36,0.0,0.0,0.0,0.0,0.0,0.0,0.0,0.0,0,-,0.0,0.0,0
41CC57CC,1629040336,17516,34.3,26.19,46.09,26.36,0.0,0.0,0.0,0.0,0.0,0.0,0.0,0.0,0,-,0.0,0.0,0
41CC57CC,1629040943,17517,34.09,26.25,47.19,26.36,0.0,0.0,0.0,0.0,0.0,0.0,0.0,0.0,0,-,0.0,0.0,0
41CC57CC,1629041536,17518,33.59,26.25,45.5,26.36,0.0,0.0,0.0,0.0,0.0,0.0,0.0,0.0,0,-,0.0,0.0,0
41CC57CC,1629042136,17519,34.0,26.31,46.59,26.36,0.0,0.0,0.0,0.0,0.0,0.0,0.0,0.0,0,-,0.0,0.0,0
41CC57CC,1629042740,17520,33.89,26.31,49.69,26.36,0.0,0.0,0.0,0.0,0.0,0.0,0.0,0.0,0,-,0.0,0.0,0
41CC57CC,1629043336,17521,34.8,26.38,47.5,26.36,0.0,0.0,0.0,0.0,0.0,0.0,0.0,0.0,0,-,0.0,0.0,0
41CC57CC,1629043936,17522,34.3,26.44,45.0,26.36,0.0,0.0,0.0,0.0,0.0,0.0,0.0,0.0,0,-,0.0,0.0,0
41CC57CC,1629044536,17523,32.39,26.44,52.0,26.48,0.0,0.0,0.0,0.0,0.0,0.0,0.0,0.0,0,-,0.0,0.0,0
41CC57CC,1629045136,17524,31.8,26.5,53.89,26.36,0.0,0.0,0.0,0.0,0.0,0.0,0.0,0.0,0,-,0.0,0.0,0
41CC57CC,1629045736,17525,30.3,26.5,56.69,26.48,0.0,0.0,0.0,0.0,0.0,0.0,0.0,0.0,0,-,0.0,0.0,0
41CC57CC,1629046336,17526,29.5,26.56,57.69,26.48,0.0,0.0,0.0,0.0,0.0,0.0,0.0,0.0,0,-,0.0,0.0,0
41CC57CC,1629046936,17527,28.59,26.56,62.0,26.48,0.0,0.0,0.0,0.0,0.0,0.0,0.0,0.0,0,-,0.0,0.0,0
41CC57CC,1629047536,17528,27.19,26.56,66.69,26.48,0.0,0.0,0.0,0.0,0.0,0.0,0.0,0.0,0,-,0.0,0.0,1
41CC57CC,1629048136,17529,1.99,26.56,73.3,26.62,0.0,0.0,0.0,0.0,0.0,0.0,0.0,0.0,1,-,0.0,0.0,1
41CC57CC,1629048736,17530,1.6,26.56,72.0,26.62,0.0,0.0,0.0,0.0,0.0,0.0,0.0,0.0,1,-,0.0,0.0,1
41CC57CC,1629049336,17531,26.8,26.44,73.59,27.33,0.0,0.0,0.0,0.0,0.0,0.0,0.0,0.0,0,-,0.0,0.0,1
41CC57CC,1629049936,17532,25.69,26.38,77.39,27.33,0.0,0.0,0.0,0.0,0.0,0.0,0.0,0.0,0,-,0.0,0.0,1
41CC57CC,1629050536,17533,24.99,26.38,80.69,27.47,0.0,0.0,0.0,0.0,0.0,0.0,0.0,0.0,0,-,0.0,0.0,1
41CC57CC,1629051136,17534,24.69,26.38,82.89,27.47,0.0,0.0,0.0,0.0,0.0,0.0,0.0,0.0,0,-,0.0,0.0,1
41CC57CC,1629051736,17535,24.59,26.38,86.19,27.47,0.0,0.0,0.0,0.0,0.0,0.0,0.0,0.0,0,-,0.0,0.0,0
41CC57CC,1629052336,17536,24.39,26.31,84.09,27.61,0.0,0.0,0.0,0.0,0.0,0.0,0.0,0.0,0,-,0.0,0.0,0
41CC57CC,1629052936,17537,23.89,26.25,85.0,27.61,0.0,0.0,0.0,0.0,0.0,0.0,0.0,0.0,0,-,0.0,0.0,0
41CC57CC,1629053536,17538,-2.31,26.25,86.09,27.61,0.0,0.0,0.0,0.0,0.0,0.0,0.0,0.0,1,-,0.0,0.0,0
41CC57CC,1629054136,17539,22.0,26.19,89.69,27.61,0.0,0.0,0.0,0.0,0.0,0.0,0.0,0.0,0,-,0.0,0.0,0
41CC57CC,1629054736,17540,21.89,26.19,90.3,27.61,0.0,0.0,0.0,0.0,0.0,0.0,0.0,0.0,0,-,0.0,0.0,0
41CC57CC,1629055336,17541,21.69,26.12,89.0,27.61,0.0,0.0,0.0,0.0,0.0,0.0,0.0,0.0,0,-,0.0,0.0,0
41CC57CC,1629055936,17542,21.39,26.12,90.3,27.61,0.0,0.0,0.0,0.0,0.0,0.0,0.0,0.0,0,-,0.0,0.0,0
41CC57CC,1629056536,17543,21.19,26.06,91.0,27.75,0.0,0.0,0.0,0.0,0.0,0.0,0.0,0.0,0,-,0.0,0.0,0
41CC57CC,1629057136,17544,21.19,26.06,90.59,27.89,0.0,0.0,0.0,0.0,0.0,0.0,0.0,0.0,0,-,0.0,0.0,0
41CC57CC,1629057736,17545,21.19,26.0,90.69,27.61,0.0,0.0,0.0,0.0,0.0,0.0,0.0,0.0,0,-,0.0,0.0,0
41CC57CC,1629058336,17546,21.39,25.94,84.5,27.61,0.0,0.0,0.0,0.0,0.0,0.0,0.0,0.0,0,-,0.0,0.0,0
41CC57CC,1629058936,17547,22.19,25.88,69.8,27.61,0.0,0.0,0.0,0.0,0.0,0.0,0.0,0.0,0,-,0.0,0.0,0
41CC57CC,1629059536,17548,22.3,25.81,65.59,27.61,0.0,0.0,0.0,0.0,0.0,0.0,0.0,0.0,0,-,0.0,0.0,0
41CC57CC,1629060136,17549,22.0,25.81,65.3,27.47,0.0,0.0,0.0,0.0,0.0,0.0,0.0,0.0,0,-,0.0,0.0,0
41CC57CC,1629060736,17550,21.89,25.69,66.5,27.47,0.0,0.0,0.0,0.0,0.0,0.0,0.0,0.0,0,-,0.0,0.0,1
41CC57CC,1629061336,17551,21.89,25.69,66.5,27.47,0.0,0.0,0.0,0.0,0.0,0.0,0.0,0.0,0,-,0.0,0.0,1
41CC57CC,1629061936,17552,21.89,25.56,65.69,27.47,0.0,0.0,0.0,0.0,0.0,0.0,0.0,0.0,0,-,0.0,0.0,1
41CC57CC,1629062536,17553,22.09,25.5,64.8,27.47,0.0,0.0,0.0,0.0,0.0,0.0,0.0,0.0,0,-,0.0,0.0,1
41CC57CC,1629063136,17554,22.0,25.44,63.8,27.47,0.0,0.0,0.0,0.0,0.0,0.0,0.0,0.0,0,-,0.0,0.0,1
41CC57CC,1629063736,17555,21.89,25.38,64.8,27.33,0.0,0.0,0.0,0.0,0.0,0.0,0.0,0.0,0,-,0.0,0.0,1
41CC57CC,1629064336,17556,22.0,25.25,65.8,27.33,0.0,0.0,0.0,0.0,0.0,0.0,0.0,0.0,0,-,0.0,0.0,1
41CC57CC,1629064936,17557,21.89,25.19,66.19,27.33,0.0,0.0,0.0,0.0,0.0,0.0,0.0,0.0,0,-,0.0,0.0,0
41CC57CC,1629065536,17558,21.69,25.06,65.8,27.47,0.0,0.0,0.0,0.0,0.0,0.0,0.0,0.0,0,-,0.0,0.0,0
41CC57CC,1629066136,17559,21.59,25.0,65.8,27.47,0.0,0.0,0.0,0.0,0.0,0.0,0.0,0.0,0,-,0.0,0.0,0
41CC57CC,1629066736,17560,21.59,24.88,65.69,27.47,0.0,0.0,0.0,0.0,0.0,0.0,0.0,0.0,0,-,0.0,0.0,0
41CC57CC,1629067336,17561,21.39,24.81,66.19,27.47,0.0,0.0,0.0,0.0,0.0,0.0,0.0,0.0,0,-,0.0,0.0,0
41CC57CC,1629067941,17562,21.39,24.75,66.8,27.47,0.0,0.0,0.0,0.0,0.0,0.0,0.0,0.0,0,-,0.0,0.0,0
41CC57CC,1629068536,17563,21.5,24.62,64.89,27.61,0.0,0.0,0.0,0.0,0.0,0.0,0.0,0.0,0,-,0.0,0.0,0
41CC57CC,1629069143,17564,21.39,24.56,65.19,27.61,0.0,0.0,0.0,0.0,0.0,0.0,0.0,0.0,0,-,0.0,0.0,0
41CC57CC,1629069736,17565,21.19,24.5,67.89,27.61,0.0,0.0,0.0,0.0,0.0,0.0,0.0,0.0,0,-,0.0,0.0,0
41CC57CC,1629070336,17566,20.8,24.38,68.59,27.61,0.0,0.0,0.0,0.0,0.0,0.0,0.0,0.0,0,-,0.0,0.0,0
41CC57CC,1629070936,17567,20.39,24.31,74.89,27.61,0.0,0.0,0.0,0.0,0.0,0.0,0.0,0.0,0,-,0.0,0.0,0
41CC57CC,1629071536,17568,20.0,24.19,72.5,27.61,0.0,0.0,0.0,0.0,0.0,0.0,0.0,0.0,0,-,0.0,0.0,0
41CC57CC,1629072136,17569,19.69,24.12,74.8,27.61,0.0,0.0,0.0,0.0,0.0,0.0,0.0,0.0,0,-,0.0,0.0,0
41CC57CC,1629072736,17570,19.69,24.06,71.59,27.61,0.0,0.0,0.0,0.0,0.0,0.0,0.0,0.0,0,-,0.0,0.0,0
41CC57CC,1629073336,17571,19.89,23.94,73.19,27.61,0.0,0.0,0.0,0.0,0.0,0.0,0.0,0.0,0,-,0.0,0.0,0
41CC57CC,1629073936,17572,19.5,23.88,76.5,27.61,0.0,0.0,0.0,0.0,0.0,0.0,0.0,0.0,0,-,0.0,0.0,0
41CC57CC,1629074536,17573,19.39,23.81,77.0,27.75,0.0,0.0,0.0,0.0,0.0,0.0,0.0,0.0,0,-,0.0,0.0,0
41CC57CC,1629075136,17574,19.19,23.75,80.39,27.75,0.0,0.0,0.0,0.0,0.0,0.0,0.0,0.0,0,-,0.0,0.0,0
41CC57CC,1629075736,17575,18.8,23.62,81.19,27.75,0.0,0.0,0.0,0.0,0.0,0.0,0.0,0.0,0,-,0.0,0.0,0
41CC57CC,1629076343,17576,18.59,23.56,84.89,27.75,0.0,0.0,0.0,0.0,0.0,0.0,0.0,0.0,0,-,0.0,0.0,0
41CC57CC,1629076936,17577,18.3,23.5,85.59,27.75,0.0,0.0,0.0,0.0,0.0,0.0,0.0,0.0,0,-,0.0,0.0,0
41CC57CC,1629077536,17578,18.09,23.44,85.8,27.75,0.0,0.0,0.0,0.0,0.0,0.0,0.0,0.0,0,-,0.0,0.0,0
41CC57CC,1629078136,17579,18.0,23.38,87.5,27.89,0.0,0.0,0.0,0.0,0.0,0.0,0.0,0.0,0,-,0.0,0.0,0
41CC57CC,1629078736,17580,17.8,23.25,87.89,27.89,0.0,0.0,0.0,0.0,0.0,0.0,0.0,0.0,0,-,0.0,0.0,0
41CC57CC,1629079336,17581,17.59,23.19,89.59,27.89,0.0,0.0,0.0,0.0,0.0,0.0,0.0,0.0,0,-,0.0,0.0,0
41CC57CC,1629079936,17582,17.39,23.12,90.59,27.89,0.0,0.0,0.0,0.0,0.0,0.0,0.0,0.0,0,-,0.0,0.0,0
41CC57CC,1629080536,17583,17.19,23.06,90.39,27.89,0.0,0.0,0.0,0.0,0.0,0.0,0.0,0.0,0,-,0.0,0.0,0
41CC57CC,1629081136,17584,17.0,22.94,91.19,27.89,0.0,0.0,0.0,0.0,0.0,0.0,0.0,0.0,0,-,0.0,0.0,0
41CC57CC,1629081736,17585,16.8,22.88,91.09,27.89,0.0,0.0,0.0,0.0,0.0,0.0,0.0,0.0,0,-,0.0,0.0,0
41CC57CC,1629082336,17586,16.8,22.81,91.5,28.03,0.0,0.0,0.0,0.0,0.0,0.0,0.0,0.0,0,-,0.0,0.0,0
41CC57CC,1629082936,17587,16.8,22.75,91.3,27.89,0.0,0.0,0.0,0.0,0.0,0.0,0.0,0.0,0,-,0.0,0.0,0
41CC57CC,1629083536,17588,16.59,22.69,91.59,27.89,0.0,0.0,0.0,0.0,0.0,0.0,0.0,0.0,0,-,0.0,0.0,0
41CC57CC,1629084136,17589,16.59,22.56,92.09,27.89,0.0,0.0,0.0,0.0,0.0,0.0,0.0,0.0,0,-,0.0,0.0,0
41CC57CC,1629084736,17590,16.5,22.5,92.59,28.03,0.0,0.0,0.0,0.0,0.0,0.0,0.0,0.0,0,-,0.0,0.0,0
41CC57CC,1629085336,17591,16.39,22.44,92.19,28.03,0.0,0.0,0.0,0.0,0.0,0.0,0.0,0.0,0,-,0.0,0.0,0
41CC57CC,1629085936,17592,16.19,22.38,92.69,28.03,0.0,0.0,0.0,0.0,0.0,0.0,0.0,0.0,0,-,0.0,0.0,0
41CC57CC,1629086536,17593,16.3,22.31,93.19,28.03,0.0,0.0,0.0,0.0,0.0,0.0,0.0,0.0,0,-,0.0,0.0,0
41CC57CC,1629087136,17594,16.19,22.19,92.59,28.03,0.0,0.0,0.0,0.0,0.0,0.0,0.0,0.0,0,-,0.0,0.0,0
41CC57CC,1629087736,17595,16.0,22.12,93.0,28.03,0.0,0.0,0.0,0.0,0.0,0.0,0.0,0.0,0,-,0.0,0.0,0
41CC57CC,1629088336,17596,16.09,22.06,92.69,28.03,0.0,0.0,0.0,0.0,0.0,0.0,0.0,0.0,0,-,0.0,0.0,0
41CC57CC,1629088936,17597,16.0,21.94,93.3,28.03,0.0,0.0,0.0,0.0,0.0,0.0,0.0,0.0,0,-,0.0,0.0,0
41CC57CC,1629089536,17598,16.3,21.88,93.3,28.17,0.0,0.0,0.0,0.0,0.0,0.0,0.0,0.0,0,-,0.0,0.0,0
41CC57CC,1629090136,17599,16.5,21.81,92.19,28.17,0.0,0.0,0.0,0.0,0.0,0.0,0.0,0.0,0,-,0.0,0.0,0
41CC57CC,1629090736,17600,16.69,21.75,92.0,28.17,0.0,0.0,0.0,0.0,0.0,0.0,0.0,0.0,0,-,0.0,0.0,0
41CC57CC,1629091336,17601,17.09,21.69,92.19,28.17,0.0,0.0,0.0,0.0,0.0,0.0,0.0,0.0,0,-,0.0,0.0,0
41CC57CC,1629091936,17602,17.39,21.62,91.5,28.17,0.0,0.0,0.0,0.0,0.0,0.0,0.0,0.0,0,-,0.0,0.0,0
41CC57CC,1629092536,17603,17.89,21.5,91.0,28.3,0.0,0.0,0.0,0.0,0.0,0.0,0.0,0.0,0,-,0.0,0.0,0
41CC57CC,1629093136,17604,18.8,21.5,88.59,28.3,0.0,0.0,0.0,0.0,0.0,0.0,0.0,0.0,0,-,0.0,0.0,0
41CC57CC,1629093736,17605,19.3,21.38,85.69,28.3,0.0,0.0,0.0,0.0,0.0,0.0,0.0,0.0,0,-,0.0,0.0,0
41CC57CC,1629094336,17606,19.8,21.38,84.39,28.3,0.0,0.0,0.0,0.0,0.0,0.0,0.0,0.0,0,-,0.0,0.0,0
41CC57CC,1629094677,17607,20.09,20.94,84.09,28.17,0.0,0.0,0.0,0.0,0.0,0.0,0.0,0.0,0,-,0.0,0.0,0
41CC57CC,1629094728,17608,21.3,21.12,78.5,28.3,0.0,0.0,0.0,0.0,0.0,0.0,0.0,0.0,0,-,0.0,0.0,0
41CC57CC,1629095328,17609,21.39,21.25,79.5,48.39,0.0,0.0,0.0,0.0,0.0,0.0,0.0,0.0,0,-,0.0,0.0,1
41CC57CC,1629095928,17610,22.5,21.19,78.39,48.53,0.0,0.0,0.0,0.0,0.0,0.0,0.0,0.0,0,-,0.0,0.0,1
41CC57CC,1629096528,17611,22.39,21.12,75.3,48.53,0.0,0.0,0.0,0.0,0.0,0.0,0.0,0.0,0,-,0.0,0.0,1
41CC57CC,1629097128,17612,22.59,21.12,73.5,48.53,0.0,0.0,0.0,0.0,0.0,0.0,0.0,0.0,0,-,0.0,0.0,1
41CC57CC,1629097728,17613,22.89,21.06,74.8,48.53,0.0,0.0,0.0,0.0,0.0,0.0,0.0,0.0,0,-,0.0,0.0,1
41CC57CC,1629098328,17614,23.3,21.06,73.39,48.53,0.0,0.0,0.0,0.0,0.0,0.0,0.0,0.0,0,-,0.0,0.0,1
41CC57CC,1629098928,17615,23.89,21.06,73.0,48.67,0.0,0.0,0.0,0.0,0.0,0.0,0.0,0.0,0,-,0.0,0.0,1
41CC57CC,1629099528,17616,24.69,21.06,71.5,48.81,0.0,0.0,0.0,0.0,0.0,0.0,0.0,0.0,0,-,0.0,0.0,1
41CC57CC,1629100128,17617,30.09,21.06,59.3,49.08,0.0,0.0,0.0,0.0,0.0,0.0,0.0,0.0,0,-,0.0,0.0,1
41CC57CC,1629100728,17618,33.19,21.06,55.09,49.08,0.0,0.0,0.0,0.0,0.0,0.0,0.0,0.0,0,-,0.0,0.0,1
41CC57CC,1629101328,17619,33.89,21.12,45.89,49.08,0.0,0.0,0.0,0.0,0.0,0.0,0.0,0.0,0,-,0.0,0.0,1
41CC57CC,1629101928,17620,34.69,21.19,44.09,48.95,0.0,0.0,0.0,0.0,0.0,0.0,0.0,0.0,0,-,0.0,0.0,1
41CC57CC,1629102528,17621,34.59,21.25,42.39,48.95,0.0,0.0,0.0,0.0,0.0,0.0,0.0,0.0,0,-,0.0,0.0,1
41CC57CC,1629103128,17622,35.19,21.25,45.5,48.81,0.0,0.0,0.0,0.0,0.0,0.0,0.0,0.0,0,-,0.0,0.0,1
41CC57CC,1629103728,17623,32.59,21.31,46.39,48.95,0.0,0.0,0.0,0.0,0.0,0.0,0.0,0.0,0,-,0.0,0.0,1
41CC57CC,1629104328,17624,32.0,21.38,49.59,48.81,0.0,0.0,0.0,0.0,0.0,0.0,0.0,0.0,0,-,0.0,0.0,1
41CC57CC,1629104928,17625,34.5,21.5,45.09,48.67,0.0,0.0,0.0,0.0,0.0,0.0,0.0,0.0,0,-,0.0,0.0,1
41CC57CC,1629105528,17626,35.0,21.56,41.5,48.53,0.0,0.0,0.0,0.0,0.0,0.0,0.0,0.0,0,-,0.0,0.0,1
41CC57CC,1629106128,17627,32.89,21.69,45.5,48.39,0.0,0.0,0.0,0.0,0.0,0.0,0.0,0.0,0,-,0.0,0.0,1
41CC57CC,1629106728,17628,33.59,21.75,45.8,48.25,0.0,0.0,0.0,0.0,0.0,0.0,0.0,0.0,0,-,0.0,0.0,1
41CC57CC,1629107328,17629,33.89,21.88,44.89,48.25,0.0,0.0,0.0,0.0,0.0,0.0,0.0,0.0,0,-,0.0,0.0,1
41CC57CC,1629107928,17630,31.5,21.94,49.09,48.25,0.0,0.0,0.0,0.0,0.0,0.0,0.0,0.0,0,-,0.0,0.0,1
41CC57CC,1629108528,17631,31.69,22.06,50.8,48.11,0.0,0.0,0.0,0.0,0.0,0.0,0.0,0.0,0,-,0.0,0.0,1
41CC57CC,1629109128,17632,31.69,22.19,51.69,48.11,0.0,0.0,0.0,0.0,0.0,0.0,0.0,0.0,0,-,0.0,0.0,1
41CC57CC,1629109728,17633,31.89,22.25,47.3,48.11,0.0,0.0,0.0,0.0,0.0,0.0,0.0,0.0,0,-,0.0,0.0,1
41CC57CC,1629110328,17634,31.69,22.38,51.3,47.97,0.0,0.0,0.0,0.0,0.0,0.0,0.0,0.0,0,-,0.0,0.0,1
41CC57CC,1629110928,17635,32.89,22.5,46.69,47.83,0.0,0.0,0.0,0.0,0.0,0.0,0.0,0.0,0,-,0.0,0.0,1
41CC57CC,1629111528,17636,32.5,22.56,46.09,47.83,0.0,0.0,0.0,0.0,0.0,0.0,0.0,0.0,0,-,0.0,0.0,1
41CC57CC,1629112128,17637,31.19,22.69,48.3,47.69,0.0,0.0,0.0,0.0,0.0,0.0,0.0,0.0,0,-,0.0,0.0,1
41CC57CC,1629112728,17638,31.0,22.75,48.5,47.69,0.0,0.0,0.0,0.0,0.0,0.0,0.0,0.0,0,-,0.0,0.0,1
41CC57CC,1629113328,17639,30.8,22.88,51.89,47.69,0.0,0.0,0.0,0.0,0.0,0.0,0.0,0.0,0,-,0.0,0.0,1
41CC57CC,1629113928,17640,31.69,22.94,49.09,47.69,0.0,0.0,0.0,0.0,0.0,0.0,0.0,0.0,0,-,0.0,0.0,1
41CC57CC,1629114528,17641,31.69,23.0,50.3,47.69,0.0,0.0,0.0,0.0,0.0,0.0,0.0,0.0,0,-,0.0,0.0,1
41CC57CC,1629115128,17642,31.8,23.12,51.3,47.55,0.0,0.0,0.0,0.0,0.0,0.0,0.0,0.0,0,-,0.0,0.0,1
41CC57CC,1629115728,17643,31.59,23.19,50.69,47.41,0.0,0.0,0.0,0.0,0.0,0.0,0.0,0.0,0,-,0.0,0.0,1
41CC57CC,1629116328,17644,30.69,23.25,53.39,47.41,0.0,0.0,0.0,0.0,0.0,0.0,0.0,0.0,0,-,0.0,0.0,1
41CC57CC,1629116928,17645,30.59,23.31,52.59,47.41,0.0,0.0,0.0,0.0,0.0,0.0,0.0,0.0,0,-,0.0,0.0,1
41CC57CC,1629117536,17646,30.19,23.38,56.0,47.41,0.0,0.0,0.0,0.0,0.0,0.0,0.0,0.0,0,-,0.0,0.0,1
41CC57CC,1629118128,17647,29.89,23.44,55.89,47.41,0.0,0.0,0.0,0.0,0.0,0.0,0.0,0.0,0,-,0.0,0.0,1
41CC57CC,1629118728,17648,29.19,23.5,56.19,47.27,0.0,0.0,0.0,0.0,0.0,0.0,0.0,0.0,0,-,0.0,0.0,1
41CC57CC,1629119328,17649,28.3,23.56,58.39,47.27,0.0,0.0,0.0,0.0,0.0,0.0,0.0,0.0,0,-,0.0,0.0,1
41CC57CC,1629119928,17650,27.19,23.62,60.5,47.27,0.0,0.0,0.0,0.0,0.0,0.0,0.0,0.0,0,-,0.0,0.0,1
41CC57CC,1629120528,17651,26.8,23.69,64.0,47.41,0.0,0.0,0.0,0.0,0.0,0.0,0.0,0.0,0,-,0.0,0.0,1
41CC57CC,1629121128,17652,26.5,23.75,65.89,47.41,0.0,0.0,0.0,0.0,0.0,0.0,0.0,0.0,0,-,0.0,0.0,1
41CC57CC,1629121728,17653,25.89,23.75,66.19,48.25,0.0,0.0,0.0,0.0,0.0,0.0,0.0,0.0,0,-,0.0,0.0,1
41CC57CC,1629122328,17654,25.3,23.75,71.19,48.25,0.0,0.0,0.0,0.0,0.0,0.0,0.0,0.0,0,-,0.0,0.0,1
41CC57CC,1629122928,17655,25.19,23.81,74.8,48.25,0.0,0.0,0.0,0.0,0.0,0.0,0.0,0.0,0,-,0.0,0.0,1
41CC57CC,1629123528,17656,25.19,23.81,74.39,48.53,0.0,0.0,0.0,0.0,0.0,0.0,0.0,0.0,0,-,0.0,0.0,1
41CC57CC,1629124128,17657,24.59,23.81,80.09,48.95,0.0,0.0,0.0,0.0,0.0,0.0,0.0,0.0,0,-,0.0,0.0,1
41CC57CC,1629124728,17658,23.59,23.88,88.3,50.06,0.0,0.0,0.0,0.0,0.0,0.0,0.0,0.0,0,-,0.0,0.0,0
41CC57CC,1629125328,17659,23.0,23.88,92.19,50.91,0.0,0.0,0.0,0.0,0.0,0.0,0.0,0.0,0,-,0.0,0.0,0
41CC57CC,1629125928,17660,22.19,23.88,95.39,51.31,0.0,0.0,0.0,0.0,0.0,0.0,0.0,0.0,0,-,0.0,0.0,1
41CC57CC,1629126528,17661,21.69,23.88,94.5,51.31,0.0,0.0,0.0,0.0,0.0,0.0,0.0,0.0,0,-,0.0,0.0,1
41CC57CC,1629127128,17662,21.5,23.88,96.59,51.31,0.0,0.0,0.0,0.0,0.0,0.0,0.0,0.0,0,-,0.0,0.0,1
41CC57CC,1629127728,17663,21.39,23.88,96.39,52.16,0.0,0.0,0.0,0.0,0.0,0.0,0.0,0.0,0,-,0.0,0.0,0
41CC57CC,1629128328,17664,21.0,23.81,96.5,51.88,0.0,0.0,0.0,0.0,0.0,0.0,0.0,0.0,0,-,0.0,0.0,1
41CC57CC,1629128933,17665,20.59,23.81,97.39,51.88,0.0,0.0,0.0,0.0,0.0,0.0,0.0,0.0,0,-,0.0,0.0,0
41CC57CC,1629129528,17666,20.5,23.75,98.19,51.73,0.0,0.0,0.0,0.0,0.0,0.0,0.0,0.0,0,-,0.0,0.0,0
41CC57CC,1629130128,17667,20.5,23.75,98.59,51.73,0.0,0.0,0.0,0.0,0.0,0.0,0.0,0.0,0,-,0.0,0.0,0
41CC57CC,1629130728,17668,20.59,23.75,99.0,51.73,0.0,0.0,0.0,0.0,0.0,0.0,0.0,0.0,0,-,0.0,0.0,0
41CC57CC,1629131328,17669,20.5,23.75,99.19,51.73,0.0,0.0,0.0,0.0,0.0,0.0,0.0,0.0,0,-,0.0,0.0,0
41CC57CC,1629131928,17670,20.39,23.69,99.09,51.73,0.0,0.0,0.0,0.0,0.0,0.0,0.0,0.0,0,-,0.0,0.0,0
41CC57CC,1629132528,17671,20.39,23.69,99.09,51.73,0.0,0.0,0.0,0.0,0.0,0.0,0.0,0.0,0,-,0.0,0.0,0
41CC57CC,1629133128,17672,20.3,23.62,99.3,51.73,0.0,0.0,0.0,0.0,0.0,0.0,0.0,0.0,0,-,0.0,0.0,0
41CC57CC,1629133728,17673,20.3,23.62,99.39,51.73,0.0,0.0,0.0,0.0,0.0,0.0,0.0,0.0,0,-,0.0,0.0,0
41CC57CC,1629134328,17674,20.3,23.62,99.89,51.73,0.0,0.0,0.0,0.0,0.0,0.0,0.0,0.0,0,-,0.0,0.0,0
41CC57CC,1629134928,17675,20.39,23.56,99.89,51.73,0.0,0.0,0.0,0.0,0.0,0.0,0.0,0.0,0,-,0.0,0.0,0
41CC57CC,1629135528,17676,20.39,23.56,99.89,51.88,0.0,0.0,0.0,0.0,0.0,0.0,0.0,0.0,0,-,0.0,0.0,0
41CC57CC,1629136128,17677,20.39,23.56,99.89,51.88,0.0,0.0,0.0,0.0,0.0,0.0,0.0,0.0,0,-,0.0,0.0,0
41CC57CC,1629136728,17678,20.19,23.5,99.89,52.3,0.0,0.0,0.0,0.0,0.0,0.0,0.0,0.0,0,-,0.0,0.0,0
41CC57CC,1629137328,17679,20.19,23.5,99.89,52.84,0.0,0.0,0.0,0.0,0.0,0.0,0.0,0.0,0,-,0.0,0.0,0
41CC57CC,1629137928,17680,20.09,22.25,99.89,54.8,0.0,0.0,0.0,0.0,0.0,0.0,0.0,0.0,0,-,0.0,0.0,0
41CC57CC,1629138528,17681,20.0,22.25,99.89,54.8,0.0,0.0,0.0,0.0,0.0,0.0,0.0,0.0,0,-,0.0,0.0,0
41CC57CC,1629139135,17682,19.8,21.94,99.89,74.75,0.0,0.0,0.0,0.0,0.0,0.0,0.0,0.0,0,-,0.0,0.0,0
41CC57CC,1629139728,17683,19.8,20.62,99.89,72.38,0.0,0.0,0.0,0.0,0.0,0.0,0.0,0.0,0,-,0.0,0.0,1
41CC57CC,1629140328,17684,19.09,20.19,99.89,69.59,0.0,0.0,0.0,0.0,0.0,0.0,0.0,0.0,0,-,0.0,0.0,1
41CC57CC,1629140928,17685,18.8,20.06,99.89,75.45,0.0,0.0,0.0,0.0,0.0,0.0,0.0,0.0,0,-,0.0,0.0,1
41CC57CC,1629141528,17686,18.09,20.06,99.89,77.95,0.0,0.0,0.0,0.0,0.0,0.0,0.0,0.0,0,-,0.0,0.0,1
41CC57CC,1629142128,17687,17.8,19.81,99.89,83.67,0.0,0.0,0.0,0.0,0.0,0.0,0.0,0.0,0,-,0.0,0.0,1
41CC57CC,1629142728,17688,17.59,19.75,99.89,83.39,0.0,0.0,0.0,0.0,0.0,0.0,0.0,0.0,0,-,0.0,0.0,1
41CC57CC,1629143328,17689,17.19,19.69,99.89,85.48,0.0,0.0,0.0,0.0,0.0,0.0,0.0,0.0,0,-,0.0,0.0,1
41CC57CC,1629143928,17690,17.19,19.62,99.89,84.66,0.0,0.0,0.0,0.0,0.0,0.0,0.0,0.0,0,-,0.0,0.0,1
41CC57CC,1629144528,17691,17.0,19.56,99.89,83.95,0.0,0.0,0.0,0.0,0.0,0.0,0.0,0.0,0,-,0.0,0.0,1
41CC57CC,1629145128,17692,17.0,19.56,99.89,84.23,0.0,0.0,0.0,0.0,0.0,0.0,0.0,0.0,0,-,0.0,0.0,1
41CC57CC,1629145728,17693,16.8,19.5,99.89,84.23,0.0,0.0,0.0,0.0,0.0,0.0,0.0,0.0,0,-,0.0,0.0,1
41CC57CC,1629146328,17694,16.69,19.5,99.89,83.39,0.0,0.0,0.0,0.0,0.0,0.0,0.0,0.0,0,-,0.0,0.0,1
41CC57CC,1629146928,17695,16.69,19.5,99.89,83.53,0.0,0.0,0.0,0.0,0.0,0.0,0.0,0.0,0,-,0.0,0.0,1
41CC57CC,1629147528,17696,16.59,19.5,99.89,83.95,0.0,0.0,0.0,0.0,0.0,0.0,0.0,0.0,0,-,0.0,0.0,1
41CC57CC,1629148128,17697,16.59,19.56,99.89,79.77,0.0,0.0,0.0,0.0,0.0,0.0,0.0,0.0,0,-,0.0,0.0,1
41CC57CC,1629148728,17698,16.39,19.62,99.89,79.77,0.0,0.0,0.0,0.0,0.0,0.0,0.0,0.0,0,-,0.0,0.0,1
41CC57CC,1629149328,17699,16.19,19.62,99.89,83.53,0.0,0.0,0.0,0.0,0.0,0.0,0.0,0.0,0,-,0.0,0.0,1
41CC57CC,1629149928,17700,16.0,19.69,99.89,85.2,0.0,0.0,0.0,0.0,0.0,0.0,0.0,0.0,0,-,0.0,0.0,1
41CC57CC,1629150528,17701,15.8,19.69,99.89,86.47,0.0,0.0,0.0,0.0,0.0,0.0,0.0,0.0,0,-,0.0,0.0,1
41CC57CC,1629151128,17702,15.69,19.69,99.89,87.02,0.0,0.0,0.0,0.0,0.0,0.0,0.0,0.0,0,-,0.0,0.0,1
41CC57CC,1629151728,17703,15.59,19.75,99.89,82.56,0.0,0.0,0.0,0.0,0.0,0.0,0.0,0.0,0,-,0.0,0.0,1
41CC57CC,1629152328,17704,15.59,19.75,99.89,83.25,0.0,0.0,0.0,0.0,0.0,0.0,0.0,0.0,0,-,0.0,0.0,1
41CC57CC,1629152928,17705,15.59,19.75,99.89,84.8,0.0,0.0,0.0,0.0,0.0,0.0,0.0,0.0,0,-,0.0,0.0,1
41CC57CC,1629153528,17706,15.5,19.75,99.89,85.91,0.0,0.0,0.0,0.0,0.0,0.0,0.0,0.0,0,-,0.0,0.0,0
41CC57CC,1629154128,17707,15.5,19.69,99.89,86.19,0.0,0.0,0.0,0.0,0.0,0.0,0.0,0.0,0,-,0.0,0.0,0
41CC57CC,1629154728,17708,15.5,19.69,99.89,86.19,0.0,0.0,0.0,0.0,0.0,0.0,0.0,0.0,0,-,0.0,0.0,0
41CC57CC,1629155328,17709,15.39,19.69,99.89,86.05,0.0,0.0,0.0,0.0,0.0,0.0,0.0,0.0,0,-,0.0,0.0,0
41CC57CC,1629155928,17710,15.39,19.62,99.89,86.05,0.0,0.0,0.0,0.0,0.0,0.0,0.0,0.0,0,-,0.0,0.0,0
41CC57CC,1629156528,17711,15.19,19.62,99.89,86.19,0.0,0.0,0.0,0.0,0.0,0.0,0.0,0.0,0,-,0.0,0.0,0
41CC57CC,1629157128,17712,15.19,19.62,99.89,87.72,0.0,0.0,0.0,0.0,0.0,0.0,0.0,0.0,0,-,0.0,0.0,0
41CC57CC,1629157732,17713,15.09,19.56,99.89,89.39,0.0,0.0,0.0,0.0,0.0,0.0,0.0,0.0,0,-,0.0,0.0,0
41CC57CC,1629158328,17714,15.09,19.5,99.89,90.64,0.0,0.0,0.0,0.0,0.0,0.0,0.0,0.0,0,-,0.0,0.0,0
41CC57CC,1629158928,17715,15.09,19.5,99.89,90.64,0.0,0.0,0.0,0.0,0.0,0.0,0.0,0.0,0,-,0.0,0.0,0
41CC57CC,1629159528,17716,14.89,19.44,99.89,90.52,0.0,0.0,0.0,0.0,0.0,0.0,0.0,0.0,0,-,0.0,0.0,1
41CC57CC,1629160128,17717,14.8,19.44,99.89,89.53,0.0,0.0,0.0,0.0,0.0,0.0,0.0,0.0,0,-,0.0,0.0,1
41CC57CC,1629160728,17718,14.69,19.38,99.89,89.39,0.0,0.0,0.0,0.0,0.0,0.0,0.0,0.0,0,-,0.0,0.0,1
41CC57CC,1629161328,17719,14.69,19.31,99.89,89.53,0.0,0.0,0.0,0.0,0.0,0.0,0.0,0.0,0,-,0.0,0.0,0
41CC57CC,1629161928,17720,14.59,19.25,99.89,89.67,0.0,0.0,0.0,0.0,0.0,0.0,0.0,0.0,0,-,0.0,0.0,0
41CC57CC,1629162528,17721,14.69,19.19,99.89,89.25,0.0,0.0,0.0,0.0,0.0,0.0,0.0,0.0,0,-,0.0,0.0,0
41CC57CC,1629163128,17722,14.59,19.19,99.89,88.42,0.0,0.0,0.0,0.0,0.0,0.0,0.0,0.0,0,-,0.0,0.0,0
41CC57CC,1629163728,17723,14.59,19.12,99.89,89.25,0.0,0.0,0.0,0.0,0.0,0.0,0.0,0.0,0,-,0.0,0.0,0
41CC57CC,1629164328,17724,14.59,19.06,99.89,88.97,0.0,0.0,0.0,0.0,0.0,0.0,0.0,0.0,0,-,0.0,0.0,0
41CC57CC,1629164928,17725,14.39,19.0,99.89,88.83,0.0,0.0,0.0,0.0,0.0,0.0,0.0,0.0,0,-,0.0,0.0,0
41CC57CC,1629165528,17726,14.3,18.94,99.89,88.0,0.0,0.0,0.0,0.0,0.0,0.0,0.0,0.0,0,-,0.0,0.0,0
41CC57CC,1629166128,17727,14.19,18.88,99.89,88.42,0.0,0.0,0.0,0.0,0.0,0.0,0.0,0.0,0,-,0.0,0.0,0
41CC57CC,1629166728,17728,14.09,18.75,99.89,87.3,0.0,0.0,0.0,0.0,0.0,0.0,0.0,0.0,0,-,0.0,0.0,0
41CC57CC,1629167328,17729,14.09,18.69,99.89,87.16,0.0,0.0,0.0,0.0,0.0,0.0,0.0,0.0,0,-,0.0,0.0,0
41CC57CC,1629167928,17730,-10.7,18.62,99.89,87.16,0.0,0.0,0.0,0.0,0.0,0.0,0.0,0.0,1,-,0.0,0.0,0
41CC57CC,1629168528,17731,-10.7,18.56,99.89,86.88,0.0,0.0,0.0,0.0,0.0,0.0,0.0,0.0,1,-,0.0,0.0,0
41CC57CC,1629169128,17732,15.0,18.5,99.89,87.16,0.0,0.0,0.0,0.0,0.0,0.0,0.0,0.0,0,-,0.0,0.0,0
41CC57CC,1629169728,17733,15.1,18.44,99.89,87.3,0.0,0.0,0.0,0.0,0.0,0.0,0.0,0.0,0,-,0.0,0.0,0
41CC57CC,1629170328,17734,14.99,18.38,99.89,87.3,0.0,0.0,0.0,0.0,0.0,0.0,0.0,0.0,0,-,0.0,0.0,0
41CC57CC,1629170928,17735,15.1,18.31,99.89,88.69,0.0,0.0,0.0,0.0,0.0,0.0,0.0,0.0,0,-,0.0,0.0,0
41CC57CC,1629171528,17736,15.09,18.19,99.89,91.77,0.0,0.0,0.0,0.0,0.0,0.0,0.0,0.0,0,-,0.0,0.0,0
41CC57CC,1629172132,17737,15.09,18.12,99.89,91.48,0.0,0.0,0.0,0.0,0.0,0.0,0.0,0.0,0,-,0.0,0.0,0
41CC57CC,1629172728,17738,14.89,18.06,99.89,90.09,0.0,0.0,0.0,0.0,0.0,0.0,0.0,0.0,0,-,0.0,0.0,0
41CC57CC,1629173328,17739,-11.11,18.0,99.89,89.25,0.0,0.0,0.0,0.0,0.0,0.0,0.0,0.0,1,-,0.0,0.0,0
41CC57CC,1629173928,17740,13.09,17.94,99.89,88.56,0.0,0.0,0.0,0.0,0.0,0.0,0.0,0.0,0,-,0.0,0.0,0
41CC57CC,1629174528,17741,12.8,17.88,99.89,83.95,0.0,0.0,0.0,0.0,0.0,0.0,0.0,0.0,0,-,0.0,0.0,0
41CC57CC,1629175128,17742,12.59,17.81,99.89,84.23,0.0,0.0,0.0,0.0,0.0,0.0,0.0,0.0,0,-,0.0,0.0,0
41CC57CC,1629175728,17743,12.69,17.75,99.89,87.44,0.0,0.0,0.0,0.0,0.0,0.0,0.0,0.0,0,-,0.0,0.0,0
41CC57CC,1629176328,17744,12.69,17.69,99.89,86.88,0.0,0.0,0.0,0.0,0.0,0.0,0.0,0.0,0,-,0.0,0.0,0
41CC57CC,1629176928,17745,12.69,17.62,99.89,83.95,0.0,0.0,0.0,0.0,0.0,0.0,0.0,0.0,0,-,0.0,0.0,0
41CC57CC,1629177528,17746,13.0,17.56,99.89,83.53,0.0,0.0,0.0,0.0,0.0,0.0,0.0,0.0,0,-,0.0,0.0,0
41CC57CC,1629178128,17747,13.19,17.5,99.89,83.81,0.0,0.0,0.0,0.0,0.0,0.0,0.0,0.0,0,-,0.0,0.0,0
41CC57CC,1629178734,17748,13.19,17.5,99.89,87.16,0.0,0.0,0.0,0.0,0.0,0.0,0.0,0.0,0,-,0.0,0.0,0
41CC57CC,1629179328,17749,13.3,17.44,99.89,86.47,0.0,0.0,0.0,0.0,0.0,0.0,0.0,0.0,0,-,0.0,0.0,0
41CC57CC,1629179928,17750,13.39,17.38,99.89,85.06,0.0,0.0,0.0,0.0,0.0,0.0,0.0,0.0,0,-,0.0,0.0,0
41CC57CC,1629180528,17751,13.69,17.31,99.89,85.06,0.0,0.0,0.0,0.0,0.0,0.0,0.0,0.0,0,-,0.0,0.0,0
41CC57CC,1629181128,17752,13.69,17.25,99.89,86.19,0.0,0.0,0.0,0.0,0.0,0.0,0.0,0.0,0,-,0.0,0.0,0
41CC57CC,1629181728,17753,13.69,17.25,99.89,88.0,0.0,0.0,0.0,0.0,0.0,0.0,0.0,0.0,0,-,0.0,0.0,0
41CC57CC,1629182328,17754,13.3,17.19,99.89,87.72,0.0,0.0,0.0,0.0,0.0,0.0,0.0,0.0,0,-,0.0,0.0,0
41CC57CC,1629182928,17755,13.3,17.12,99.89,86.75,0.0,0.0,0.0,0.0,0.0,0.0,0.0,0.0,0,-,0.0,0.0,0
41CC57CC,1629183528,17756,13.5,17.06,99.89,86.75,0.0,0.0,0.0,0.0,0.0,0.0,0.0,0.0,0,-,0.0,0.0,0
41CC57CC,1629184128,17757,13.3,17.06,99.89,86.88,0.0,0.0,0.0,0.0,0.0,0.0,0.0,0.0,0,-,0.0,0.0,0
41CC57CC,1629184728,17758,13.39,17.0,99.89,87.58,0.0,0.0,0.0,0.0,0.0,0.0,0.0,0.0,0,-,0.0,0.0,0
41CC57CC,1629185328,17759,13.5,16.94,99.89,87.86,0.0,0.0,0.0,0.0,0.0,0.0,0.0,0.0,0,-,0.0,0.0,0
41CC57CC,1629185928,17760,13.59,16.94,99.89,87.3,0.0,0.0,0.0,0.0,0.0,0.0,0.0,0.0,0,-,0.0,0.0,0
41CC57CC,1629186528,17761,13.69,16.88,99.89,87.58,0.0,0.0,0.0,0.0,0.0,0.0,0.0,0.0,0,-,0.0,0.0,0
41CC57CC,1629187128,17762,13.89,16.81,99.89,87.58,0.0,0.0,0.0,0.0,0.0,0.0,0.0,0.0,0,-,0.0,0.0,0
41CC57CC,1629187728,17763,14.09,16.81,99.89,87.72,0.0,0.0,0.0,0.0,0.0,0.0,0.0,0.0,0,-,0.0,0.0,0
41CC57CC,1629188328,17764,14.3,16.75,99.89,87.86,0.0,0.0,0.0,0.0,0.0,0.0,0.0,0.0,0,-,0.0,0.0,0
41CC57CC,1629188928,17765,14.59,16.69,99.89,88.28,0.0,0.0,0.0,0.0,0.0,0.0,0.0,0.0,0,-,0.0,0.0,0
41CC57CC,1629189528,17766,14.8,16.69,98.69,88.28,0.0,0.0,0.0,0.0,0.0,0.0,0.0,0.0,0,-,0.0,0.0,0
41CC57CC,1629190128,17767,17.09,16.69,98.8,88.28,0.0,0.0,0.0,0.0,0.0,0.0,0.0,0.0,0,-,0.0,0.0,0
41CC57CC,1629190728,17768,17.5,16.69,97.39,88.42,0.0,0.0,0.0,0.0,0.0,0.0,0.0,0.0,0,-,0.0,0.0,0
41CC57CC,1629191328,17769,18.39,16.69,96.09,88.14,0.0,0.0,0.0,0.0,0.0,0.0,0.0,0.0,0,-,0.0,0.0,0
41CC57CC,1629191928,17770,18.69,16.69,95.8,88.0,0.0,0.0,0.0,0.0,0.0,0.0,0.0,0.0,0,-,0.0,0.0,0
41CC57CC,1629195025,17771,19.19,16.88,96.69,87.72,0.0,0.0,0.0,0.0,0.0,0.0,0.0,0.0,0,-,0.0,0.0,0
41CC57CC,1629195625,17772,18.39,16.94,91.5,87.44,0.0,0.0,0.0,0.0,0.0,0.0,0.0,0.0,0,-,0.0,0.0,0
41CC57CC,1629196225,17773,18.69,16.94,87.0,88.14,0.0,0.0,0.0,0.0,0.0,0.0,0.0,0.0,0,-,0.0,0.0,0
41CC57CC,1629196825,17774,18.39,17.0,78.39,88.42,0.0,0.0,0.0,0.0,0.0,0.0,0.0,0.0,0,-,0.0,0.0,0
41CC57CC,1629197425,17775,18.3,17.06,90.5,88.42,0.0,0.0,0.0,0.0,0.0,0.0,0.0,0.0,0,-,0.0,0.0,0
41CC57CC,1629198025,17776,19.19,17.06,86.5,88.28,0.0,0.0,0.0,0.0,0.0,0.0,0.0,0.0,0,-,0.0,0.0,0
41CC57CC,1629198625,17777,19.3,17.12,66.39,88.42,0.0,0.0,0.0,0.0,0.0,0.0,0.0,0.0,0,-,0.0,0.0,1
41CC57CC,1629199225,17778,19.19,17.12,66.8,88.56,0.0,0.0,0.0,0.0,0.0,0.0,0.0,0.0,0,-,0.0,0.0,1
41CC57CC,1629199833,17779,19.09,17.12,67.8,89.11,0.0,0.0,0.0,0.0,0.0,0.0,0.0,0.0,0,-,0.0,0.0,1
41CC57CC,1629200425,17780,19.39,17.19,66.3,88.97,0.0,0.0,0.0,0.0,0.0,0.0,0.0,0.0,0,-,0.0,0.0,1
41CC57CC,1629201025,17781,19.3,17.19,67.5,88.97,0.0,0.0,0.0,0.0,0.0,0.0,0.0,0.0,0,-,0.0,0.0,1
41CC57CC,1629201625,17782,19.19,17.19,64.59,90.23,0.0,0.0,0.0,0.0,0.0,0.0,0.0,0.0,0,-,0.0,0.0,1
41CC57CC,1629202225,17783,19.3,17.19,69.59,89.81,0.0,0.0,0.0,0.0,0.0,0.0,0.0,0.0,0,-,0.0,0.0,1
41CC57CC,1629202825,17784,19.19,17.19,60.3,89.53,0.0,0.0,0.0,0.0,0.0,0.0,0.0,0.0,0,-,0.0,0.0,1
41CC57CC,1629203425,17785,19.3,17.19,58.3,89.81,0.0,0.0,0.0,0.0,0.0,0.0,0.0,0.0,0,-,0.0,0.0,1
41CC57CC,1629204025,17786,19.8,17.19,63.09,89.25,0.0,0.0,0.0,0.0,0.0,0.0,0.0,0.0,0,-,0.0,0.0,1
41CC57CC,1629204625,17787,19.69,17.19,56.19,88.83,0.0,0.0,0.0,0.0,0.0,0.0,0.0,0.0,0,-,0.0,0.0,1
41CC57CC,1629205225,17788,19.3,17.19,59.0,89.25,0.0,0.0,0.0,0.0,0.0,0.0,0.0,0.0,0,-,0.0,0.0,1
41CC57CC,1629205825,17789,19.8,17.19,57.19,89.25,0.0,0.0,0.0,0.0,0.0,0.0,0.0,0.0,0,-,0.0,0.0,1
41CC57CC,1629206425,17790,20.89,17.19,56.19,89.67,0.0,0.0,0.0,0.0,0.0,0.0,0.0,0.0,0,-,0.0,0.0,1
41CC57CC,1629207025,17791,21.39,17.19,51.59,89.25,0.0,0.0,0.0,0.0,0.0,0.0,0.0,0.0,0,-,0.0,0.0,1
41CC57CC,1629207625,17792,21.3,17.19,53.0,89.25,0.0,0.0,0.0,0.0,0.0,0.0,0.0,0.0,0,-,0.0,0.0,1
41CC57CC,1629208225,17793,21.39,17.19,54.89,89.53,0.0,0.0,0.0,0.0,0.0,0.0,0.0,0.0,0,-,0.0,0.0,1
41CC57CC,1629208825,17794,21.89,17.19,54.3,89.39,0.0,0.0,0.0,0.0,0.0,0.0,0.0,0.0,0,-,0.0,0.0,1
41CC57CC,1629209425,17795,21.59,17.19,49.5,89.39,0.0,0.0,0.0,0.0,0.0,0.0,0.0,0.0,0,-,0.0,0.0,1
41CC57CC,1629210025,17796,21.69,17.19,52.0,89.39,0.0,0.0,0.0,0.0,0.0,0.0,0.0,0.0,0,-,0.0,0.0,1
41CC57CC,1629210625,17797,21.8,17.19,51.5,89.39,0.0,0.0,0.0,0.0,0.0,0.0,0.0,0.0,0,-,0.0,0.0,1
41CC57CC,1629211225,17798,21.89,17.19,47.3,89.11,0.0,0.0,0.0,0.0,0.0,0.0,0.0,0.0,0,-,0.0,0.0,1
41CC57CC,1629211825,17799,22.09,17.19,47.0,88.83,0.0,0.0,0.0,0.0,0.0,0.0,0.0,0.0,0,-,0.0,0.0,1
41CC57CC,1629212425,17800,21.39,17.19,48.59,88.97,0.0,0.0,0.0,0.0,0.0,0.0,0.0,0.0,0,-,0.0,0.0,1
41CC57CC,1629213025,17801,21.19,17.19,49.19,88.83,0.0,0.0,0.0,0.0,0.0,0.0,0.0,0.0,0,-,0.0,0.0,1
41CC57CC,1629213625,17802,21.8,17.19,46.0,89.11,0.0,0.0,0.0,0.0,0.0,0.0,0.0,0.0,0,-,0.0,0.0,1
41CC57CC,1629214225,17803,21.69,17.19,49.0,89.11,0.0,0.0,0.0,0.0,0.0,0.0,0.0,0.0,0,-,0.0,0.0,1
41CC57CC,1629214825,17804,21.8,17.19,46.0,88.97,0.0,0.0,0.0,0.0,0.0,0.0,0.0,0.0,0,-,0.0,0.0,1
41CC57CC,1629215425,17805,21.69,17.19,44.8,88.97,0.0,0.0,0.0,0.0,0.0,0.0,0.0,0.0,0,-,0.0,0.0,1
41CC57CC,1629216025,17806,21.3,17.19,49.09,88.97,0.0,0.0,0.0,0.0,0.0,0.0,0.0,0.0,0,-,0.0,0.0,1
41CC57CC,1629216625,17807,20.69,17.19,44.69,88.97,0.0,0.0,0.0,0.0,0.0,0.0,0.0,0.0,0,-,0.0,0.0,0
41CC57CC,1629217225,17808,20.0,17.19,47.8,88.97,0.0,0.0,0.0,0.0,0.0,0.0,0.0,0.0,0,-,0.0,0.0,0
41CC57CC,1629217825,17809,19.39,17.12,51.8,89.11,0.0,0.0,0.0,0.0,0.0,0.0,0.0,0.0,0,-,0.0,0.0,0
41CC57CC,1629218425,17810,19.09,17.12,54.89,89.39,0.0,0.0,0.0,0.0,0.0,0.0,0.0,0.0,0,-,0.0,0.0,0
41CC57CC,1629219025,17811,18.5,17.12,54.09,89.53,0.0,0.0,0.0,0.0,0.0,0.0,0.0,0.0,0,-,0.0,0.0,0
41CC57CC,1629219625,17812,18.0,17.12,56.3,89.67,0.0,0.0,0.0,0.0,0.0,0.0,0.0,0.0,0,-,0.0,0.0,0
41CC57CC,1629220225,17813,17.69,17.06,56.89,90.23,0.0,0.0,0.0,0.0,0.0,0.0,0.0,0.0,0,-,0.0,0.0,0
41CC57CC,1629220825,17814,17.5,17.06,57.5,90.23,0.0,0.0,0.0,0.0,0.0,0.0,0.0,0.0,0,-,0.0,0.0,0
41CC57CC,1629221425,17815,17.19,17.0,57.39,90.38,0.0,0.0,0.0,0.0,0.0,0.0,0.0,0.0,0,-,0.0,0.0,0
41CC57CC,1629222032,17816,16.89,17.0,58.19,90.52,0.0,0.0,0.0,0.0,0.0,0.0,0.0,0.0,0,-,0.0,0.0,0
41CC57CC,1629222625,17817,16.59,16.94,60.19,90.52,0.0,0.0,0.0,0.0,0.0,0.0,0.0,0.0,0,-,0.0,0.0,0
41CC57CC,1629223232,17818,16.3,16.94,62.69,90.64,0.0,0.0,0.0,0.0,0.0,0.0,0.0,0.0,0,-,0.0,0.0,0
41CC57CC,1629223825,17819,16.09,16.88,62.09,90.64,0.0,0.0,0.0,0.0,0.0,0.0,0.0,0.0,0,-,0.0,0.0,0
41CC57CC,1629224425,17820,15.5,16.88,69.19,90.92,0.0,0.0,0.0,0.0,0.0,0.0,0.0,0.0,0,-,0.0,0.0,0
41CC57CC,1629225025,17821,14.69,16.81,73.89,91.06,0.0,0.0,0.0,0.0,0.0,0.0,0.0,0.0,0,-,0.0,0.0,0
41CC57CC,1629225625,17822,14.19,16.81,75.89,90.52,0.0,0.0,0.0,0.0,0.0,0.0,0.0,0.0,0,-,0.0,0.0,0
41CC57CC,1629226241,17823,13.8,16.75,78.69,90.92,0.0,0.0,0.0,0.0,0.0,0.0,0.0,0.0,0,-,0.0,0.0,0
41CC57CC,1629226825,17824,13.5,16.69,80.3,91.34,0.0,0.0,0.0,0.0,0.0,0.0,0.0,0.0,0,-,0.0,0.0,0
41CC57CC,1629227425,17825,13.3,16.69,83.09,91.62,0.0,0.0,0.0,0.0,0.0,0.0,0.0,0.0,0,-,0.0,0.0,0
41CC57CC,1629228025,17826,13.09,16.62,85.8,92.19,0.0,0.0,0.0,0.0,0.0,0.0,0.0,0.0,0,-,0.0,0.0,0
41CC57CC,1629228625,17827,12.8,16.56,86.19,92.45,0.0,0.0,0.0,0.0,0.0,0.0,0.0,0.0,0,-,0.0,0.0,0
41CC57CC,1629229233,17828,12.69,16.5,86.69,92.88,0.0,0.0,0.0,0.0,0.0,0.0,0.0,0.0,0,-,0.0,0.0,0
41CC57CC,1629229825,17829,12.5,16.5,88.69,93.02,0.0,0.0,0.0,0.0,0.0,0.0,0.0,0.0,0,-,0.0,0.0,0
41CC57CC,1629230425,17830,12.5,16.44,89.0,93.16,0.0,0.0,0.0,0.0,0.0,0.0,0.0,0.0,0,-,0.0,0.0,0
41CC57CC,1629231025,17831,12.59,16.38,90.19,93.3,0.0,0.0,0.0,0.0,0.0,0.0,0.0,0.0,0,-,0.0,0.0,0
41CC57CC,1629231625,17832,12.3,16.31,90.59,93.3,0.0,0.0,0.0,0.0,0.0,0.0,0.0,0.0,0,-,0.0,0.0,0
41CC57CC,1629232225,17833,12.3,16.25,90.3,93.3,0.0,0.0,0.0,0.0,0.0,0.0,0.0,0.0,0,-,0.0,0.0,0
41CC57CC,1629232825,17834,12.0,16.25,91.0,93.3,0.0,0.0,0.0,0.0,0.0,0.0,0.0,0.0,0,-,0.0,0.0,0
41CC57CC,1629233430,17835,11.89,16.19,91.59,93.72,0.0,0.0,0.0,0.0,0.0,0.0,0.0,0.0,0,-,0.0,0.0,0
41CC57CC,1629234029,17836,11.69,16.12,92.39,93.72,0.0,0.0,0.0,0.0,0.0,0.0,0.0,0.0,0,-,0.0,0.0,0
41CC57CC,1629234625,17837,11.69,16.06,92.39,93.72,0.0,0.0,0.0,0.0,0.0,0.0,0.0,0.0,0,-,0.0,0.0,0
41CC57CC,1629235225,17838,11.69,16.0,92.69,93.86,0.0,0.0,0.0,0.0,0.0,0.0,0.0,0.0,0,-,0.0,0.0,0
41CC57CC,1629235825,17839,11.59,15.94,93.3,93.86,0.0,0.0,0.0,0.0,0.0,0.0,0.0,0.0,0,-,0.0,0.0,0
41CC57CC,1629236425,17840,11.39,15.88,93.59,94.0,0.0,0.0,0.0,0.0,0.0,0.0,0.0,0.0,0,-,0.0,0.0,0
41CC57CC,1629237025,17841,11.3,15.88,93.89,94.0,0.0,0.0,0.0,0.0,0.0,0.0,0.0,0.0,0,-,0.0,0.0,0
41CC57CC,1629237633,17842,11.19,15.81,94.3,94.14,0.0,0.0,0.0,0.0,0.0,0.0,0.0,0.0,0,-,0.0,0.0,0
41CC57CC,1629238225,17843,11.19,15.75,94.59,94.14,0.0,0.0,0.0,0.0,0.0,0.0,0.0,0.0,0,-,0.0,0.0,0
41CC57CC,1629238825,17844,11.3,15.69,94.59,94.14,0.0,0.0,0.0,0.0,0.0,0.0,0.0,0.0,0,-,0.0,0.0,0
41CC57CC,1629239425,17845,11.19,15.62,95.19,94.14,0.0,0.0,0.0,0.0,0.0,0.0,0.0,0.0,0,-,0.0,0.0,0
41CC57CC,1629240025,17846,11.3,15.56,94.69,94.28,0.0,0.0,0.0,0.0,0.0,0.0,0.0,0.0,0,-,0.0,0.0,0
41CC57CC,1629240625,17847,11.39,15.5,94.5,94.28,0.0,0.0,0.0,0.0,0.0,0.0,0.0,0.0,0,-,0.0,0.0,0
41CC57CC,1629241225,17848,11.5,15.44,95.0,94.28,0.0,0.0,0.0,0.0,0.0,0.0,0.0,0.0,0,-,0.0,0.0,0
41CC57CC,1629241825,17849,11.59,15.44,94.8,94.14,0.0,0.0,0.0,0.0,0.0,0.0,0.0,0.0,0,-,0.0,0.0,0
41CC57CC,1629242425,17850,11.8,15.38,94.39,94.28,0.0,0.0,0.0,0.0,0.0,0.0,0.0,0.0,0,-,0.0,0.0,0
41CC57CC,1629243025,17851,11.89,15.31,94.39,94.14,0.0,0.0,0.0,0.0,0.0,0.0,0.0,0.0,0,-,0.0,0.0,0
41CC57CC,1629243625,17852,11.89,15.25,94.3,94.28,0.0,0.0,0.0,0.0,0.0,0.0,0.0,0.0,0,-,0.0,0.0,0
41CC57CC,1629244225,17853,11.89,15.25,94.09,94.41,0.0,0.0,0.0,0.0,0.0,0.0,0.0,0.0,0,-,0.0,0.0,0
41CC57CC,1629244825,17854,12.19,15.19,93.8,94.14,0.0,0.0,0.0,0.0,0.0,0.0,0.0,0.0,0,-,0.0,0.0,0
41CC57CC,1629245425,17855,12.5,15.12,92.59,94.0,0.0,0.0,0.0,0.0,0.0,0.0,0.0,0.0,0,-,0.0,0.0,0
41CC57CC,1629246032,17856,12.69,15.06,91.59,93.86,0.0,0.0,0.0,0.0,0.0,0.0,0.0,0.0,0,-,0.0,0.0,0
41CC57CC,1629246625,17857,12.89,15.06,90.8,93.86,0.0,0.0,0.0,0.0,0.0,0.0,0.0,0.0,0,-,0.0,0.0,0
41CC57CC,1629247225,17858,13.09,15.0,89.39,93.72,0.0,0.0,0.0,0.0,0.0,0.0,0.0,0.0,0,-,0.0,0.0,0
41CC57CC,1629247825,17859,13.19,15.0,86.39,93.44,0.0,0.0,0.0,0.0,0.0,0.0,0.0,0.0,0,-,0.0,0.0,0
41CC57CC,1629248425,17860,13.5,14.94,85.8,93.3,0.0,0.0,0.0,0.0,0.0,0.0,0.0,0.0,0,-,0.0,0.0,0
41CC57CC,1629249025,17861,13.39,14.88,87.69,93.02,0.0,0.0,0.0,0.0,0.0,0.0,0.0,0.0,0,-,0.0,0.0,0
41CC57CC,1629249625,17862,13.3,14.88,86.89,92.59,0.0,0.0,0.0,0.0,0.0,0.0,0.0,0.0,0,-,0.0,0.0,0
41CC57CC,1629250225,17863,13.3,14.81,86.09,90.64,0.0,0.0,0.0,0.0,0.0,0.0,0.0,0.0,0,-,0.0,0.0,0
41CC57CC,1629250825,17864,13.3,14.81,87.19,84.8,0.0,0.0,0.0,0.0,0.0,0.0,0.0,0.0,0,-,0.0,0.0,0
41CC57CC,1629251425,17865,13.3,14.75,84.59,85.06,0.0,0.0,0.0,0.0,0.0,0.0,0.0,0.0,0,-,0.0,0.0,0
41CC57CC,1629252025,17866,13.3,14.69,88.09,86.75,0.0,0.0,0.0,0.0,0.0,0.0,0.0,0.0,0,-,0.0,0.0,0
41CC57CC,1629252625,17867,13.19,14.69,85.8,87.72,0.0,0.0,0.0,0.0,0.0,0.0,0.0,0.0,0,-,0.0,0.0,0
41CC57CC,1629253225,17868,13.09,14.62,86.3,87.44,0.0,0.0,0.0,0.0,0.0,0.0,0.0,0.0,0,-,0.0,0.0,0
41CC57CC,1629253825,17869,13.19,14.62,82.5,88.0,0.0,0.0,0.0,0.0,0.0,0.0,0.0,0.0,0,-,0.0,0.0,0
41CC57CC,1629254425,17870,13.39,14.56,83.5,88.83,0.0,0.0,0.0,0.0,0.0,0.0,0.0,0.0,0,-,0.0,0.0,0
41CC57CC,1629255025,17871,13.39,14.56,85.3,89.39,0.0,0.0,0.0,0.0,0.0,0.0,0.0,0.0,0,-,0.0,0.0,0
41CC57CC,1629255625,17872,13.19,14.5,87.0,89.25,0.0,0.0,0.0,0.0,0.0,0.0,0.0,0.0,0,-,0.0,0.0,0
41CC57CC,1629256225,17873,13.19,14.5,86.39,88.97,0.0,0.0,0.0,0.0,0.0,0.0,0.0,0.0,0,-,0.0,0.0,0
41CC57CC,1629256825,17874,13.09,14.44,88.8,89.11,0.0,0.0,0.0,0.0,0.0,0.0,0.0,0.0,0,-,0.0,0.0,0
41CC57CC,1629257425,17875,13.0,14.44,89.69,89.25,0.0,0.0,0.0,0.0,0.0,0.0,0.0,0.0,0,-,0.0,0.0,0
41CC57CC,1629258025,17876,13.0,14.38,90.5,89.39,0.0,0.0,0.0,0.0,0.0,0.0,0.0,0.0,0,-,0.0,0.0,0
41CC57CC,1629258625,17877,12.89,14.38,91.89,89.25,0.0,0.0,0.0,0.0,0.0,0.0,0.0,0.0,0,-,0.0,0.0,0
41CC57CC,1629259225,17878,12.89,14.31,91.59,89.39,0.0,0.0,0.0,0.0,0.0,0.0,0.0,0.0,0,-,0.0,0.0,0
41CC57CC,1629259825,17879,12.89,14.31,92.0,89.39,0.0,0.0,0.0,0.0,0.0,0.0,0.0,0.0,0,-,0.0,0.0,0
41CC57CC,1629260425,17880,12.89,14.25,92.19,89.53,0.0,0.0,0.0,0.0,0.0,0.0,0.0,0.0,0,-,0.0,0.0,0
41CC57CC,1629261025,17881,13.0,14.25,92.09,89.39,0.0,0.0,0.0,0.0,0.0,0.0,0.0,0.0,0,-,0.0,0.0,0
41CC57CC,1629261625,17882,13.0,14.25,91.59,89.11,0.0,0.0,0.0,0.0,0.0,0.0,0.0,0.0,0,-,0.0,0.0,0
41CC57CC,1629262225,17883,13.0,14.19,91.69,89.11,0.0,0.0,0.0,0.0,0.0,0.0,0.0,0.0,0,-,0.0,0.0,0
41CC57CC,1629262825,17884,13.09,14.19,90.89,89.11,0.0,0.0,0.0,0.0,0.0,0.0,0.0,0.0,0,-,0.0,0.0,0
41CC57CC,1629263425,17885,13.3,14.12,90.89,89.25,0.0,0.0,0.0,0.0,0.0,0.0,0.0,0.0,0,-,0.0,0.0,0
41CC57CC,1629264025,17886,13.5,14.12,90.5,89.39,0.0,0.0,0.0,0.0,0.0,0.0,0.0,0.0,0,-,0.0,0.0,0
41CC57CC,1629264625,17887,13.59,14.12,89.69,90.38,0.0,0.0,0.0,0.0,0.0,0.0,0.0,0.0,0,-,0.0,0.0,0
41CC57CC,1629265225,17888,13.8,14.06,90.09,89.95,0.0,0.0,0.0,0.0,0.0,0.0,0.0,0.0,0,-,0.0,0.0,0
41CC57CC,1629265825,17889,13.89,14.06,89.8,88.83,0.0,0.0,0.0,0.0,0.0,0.0,0.0,0.0,0,-,0.0,0.0,0
41CC57CC,1629266425,17890,14.09,14.06,87.39,87.58,0.0,0.0,0.0,0.0,0.0,0.0,0.0,0.0,0,-,0.0,0.0,0
41CC57CC,1629267025,17891,14.3,14.0,88.09,85.62,0.0,0.0,0.0,0.0,0.0,0.0,0.0,0.0,0,-,0.0,0.0,0
41CC57CC,1629267631,17892,14.59,14.0,87.89,84.23,0.0,0.0,0.0,0.0,0.0,0.0,0.0,0.0,0,-,0.0,0.0,0
41CC57CC,1629268225,17893,14.89,14.0,85.69,84.8,0.0,0.0,0.0,0.0,0.0,0.0,0.0,0.0,0,-,0.0,0.0,0
41CC57CC,1629268825,17894,15.39,14.0,84.0,85.06,0.0,0.0,0.0,0.0,0.0,0.0,0.0,0.0,0,-,0.0,0.0,0
41CC57CC,1629269425,17895,15.5,14.0,84.09,85.06,0.0,0.0,0.0,0.0,0.0,0.0,0.0,0.0,0,-,0.0,0.0,0
41CC57CC,1629270026,17896,15.5,14.0,82.5,85.06,0.0,0.0,0.0,0.0,0.0,0.0,0.0,0.0,0,-,0.0,0.0,0
41CC57CC,1629270625,17897,15.5,13.94,83.69,84.92,0.0,0.0,0.0,0.0,0.0,0.0,0.0,0.0,0,-,0.0,0.0,0
41CC57CC,1629271225,17898,15.5,14.0,84.89,84.92,0.0,0.0,0.0,0.0,0.0,0.0,0.0,0.0,0,-,0.0,0.0,0
41CC57CC,1629271825,17899,15.59,14.0,83.19,85.06,0.0,0.0,0.0,0.0,0.0,0.0,0.0,0.0,0,-,0.0,0.0,0
41CC57CC,1629272425,17900,15.5,14.0,83.0,84.92,0.0,0.0,0.0,0.0,0.0,0.0,0.0,0.0,0,-,0.0,0.0,0
41CC57CC,1629273025,17901,15.69,14.0,82.5,84.8,0.0,0.0,0.0,0.0,0.0,0.0,0.0,0.0,0,-,0.0,0.0,0
41CC57CC,1629274225,17902,15.5,14.0,82.8,84.8,0.0,0.0,0.0,0.0,0.0,0.0,0.0,0.0,0,-,0.0,0.0,0
41CC57CC,1629274825,17903,15.59,14.0,83.0,84.8,0.0,0.0,0.0,0.0,0.0,0.0,0.0,0.0,0,-,0.0,0.0,0
41CC57CC,1629275425,17904,15.59,14.0,86.59,84.8,0.0,0.0,0.0,0.0,0.0,0.0,0.0,0.0,0,-,0.0,0.0,0
41CC57CC,1629276025,17905,15.3,14.0,88.89,84.8,0.0,0.0,0.0,0.0,0.0,0.0,0.0,0.0,0,-,0.0,0.0,0
41CC57CC,1629276625,17906,15.09,14.0,91.3,84.92,0.0,0.0,0.0,0.0,0.0,0.0,0.0,0.0,0,-,0.0,0.0,0
41CC57CC,1629277225,17907,14.89,14.0,91.5,84.8,0.0,0.0,0.0,0.0,0.0,0.0,0.0,0.0,0,-,0.0,0.0,0
41CC57CC,1629277825,17908,15.09,14.06,91.0,84.92,0.0,0.0,0.0,0.0,0.0,0.0,0.0,0.0,0,-,0.0,0.0,0
41CC57CC,1629278425,17909,16.19,14.06,90.69,84.66,0.0,0.0,0.0,0.0,0.0,0.0,0.0,0.0,0,-,0.0,0.0,0
41CC57CC,1629279025,17910,16.8,14.06,81.69,84.52,0.0,0.0,0.0,0.0,0.0,0.0,0.0,0.0,0,-,0.0,0.0,0
41CC57CC,1629279625,17911,16.89,14.12,83.0,84.52,0.0,0.0,0.0,0.0,0.0,0.0,0.0,0.0,0,-,0.0,0.0,0
41CC57CC,1629280225,17912,17.59,14.12,78.5,84.23,0.0,0.0,0.0,0.0,0.0,0.0,0.0,0.0,0,-,0.0,0.0,0
41CC57CC,1629280825,17913,18.09,14.12,76.5,84.09,0.0,0.0,0.0,0.0,0.0,0.0,0.0,0.0,0,-,0.0,0.0,0
41CC57CC,1629281425,17914,18.5,14.19,72.89,83.95,0.0,0.0,0.0,0.0,0.0,0.0,0.0,0.0,0,-,0.0,0.0,0
41CC57CC,1629282030,17915,18.8,14.25,77.0,83.95,0.0,0.0,0.0,0.0,0.0,0.0,0.0,0.0,0,-,0.0,0.0,0
41CC57CC,1629282625,17916,20.5,14.25,67.69,83.81,0.0,0.0,0.0,0.0,0.0,0.0,0.0,0.0,0,-,0.0,0.0,0
41CC57CC,1629283225,17917,21.09,14.31,64.39,83.67,0.0,0.0,0.0,0.0,0.0,0.0,0.0,0.0,0,-,0.0,0.0,0
41CC57CC,1629283825,17918,20.5,14.31,65.59,83.53,0.0,0.0,0.0,0.0,0.0,0.0,0.0,0.0,0,-,0.0,0.0,0
41CC57CC,1629284425,17919,19.09,14.38,70.09,83.53,0.0,0.0,0.0,0.0,0.0,0.0,0.0,0.0,0,-,0.0,0.0,0
41CC57CC,1629285025,17920,18.39,14.44,73.59,83.39,0.0,0.0,0.0,0.0,0.0,0.0,0.0,0.0,0,-,0.0,0.0,0
41CC57CC,1629285625,17921,17.8,14.44,79.0,83.25,0.0,0.0,0.0,0.0,0.0,0.0,0.0,0.0,0,-,0.0,0.0,0
41CC57CC,1629286225,17922,18.09,14.5,76.0,82.98,0.0,0.0,0.0,0.0,0.0,0.0,0.0,0.0,0,-,0.0,0.0,0
41CC57CC,1629286825,17923,18.0,14.56,76.8,83.11,0.0,0.0,0.0,0.0,0.0,0.0,0.0,0.0,0,-,0.0,0.0,0
41CC57CC,1629287425,17924,18.69,14.56,77.8,82.98,0.0,0.0,0.0,0.0,0.0,0.0,0.0,0.0,0,-,0.0,0.0,0
41CC57CC,1629288025,17925,19.3,14.62,73.5,82.84,0.0,0.0,0.0,0.0,0.0,0.0,0.0,0.0,0,-,0.0,0.0,0
41CC57CC,1629288625,17926,20.09,14.69,69.89,82.7,0.0,0.0,0.0,0.0,0.0,0.0,0.0,0.0,0,-,0.0,0.0,0
41CC57CC,1629289225,17927,20.5,14.75,68.8,82.56,0.0,0.0,0.0,0.0,0.0,0.0,0.0,0.0,0,-,0.0,0.0,0
41CC57CC,1629289825,17928,20.5,14.81,70.39,82.56,0.0,0.0,0.0,0.0,0.0,0.0,0.0,0.0,0,-,0.0,0.0,0
41CC57CC,1629290425,17929,21.0,14.88,66.3,82.14,0.0,0.0,0.0,0.0,0.0,0.0,0.0,0.0,0,-,0.0,0.0,0
41CC57CC,1629291025,17930,21.3,14.88,65.3,82.14,0.0,0.0,0.0,0.0,0.0,0.0,0.0,0.0,0,-,0.0,0.0,0
41CC57CC,1629291625,17931,20.59,14.94,65.09,82.42,0.0,0.0,0.0,0.0,0.0,0.0,0.0,0.0,0,-,0.0,0.0,0
41CC57CC,1629292232,17932,20.59,15.0,68.89,82.56,0.0,0.0,0.0,0.0,0.0,0.0,0.0,0.0,0,-,0.0,0.0,0
41CC57CC,1629292825,17933,20.3,15.06,67.3,82.7,0.0,0.0,0.0,0.0,0.0,0.0,0.0,0.0,0,-,0.0,0.0,0
41CC57CC,1629293425,17934,20.69,15.12,69.0,82.56,0.0,0.0,0.0,0.0,0.0,0.0,0.0,0.0,0,-,0.0,0.0,0
41CC57CC,1629294025,17935,20.59,15.12,66.09,82.42,0.0,0.0,0.0,0.0,0.0,0.0,0.0,0.0,0,-,0.0,0.0,0
41CC57CC,1629294630,17936,20.69,15.19,67.3,82.28,0.0,0.0,0.0,0.0,0.0,0.0,0.0,0.0,0,-,0.0,0.0,0
41CC57CC,1629295225,17937,20.8,15.25,66.89,82.42,0.0,0.0,0.0,0.0,0.0,0.0,0.0,0.0,0,-,0.0,0.0,0
41CC57CC,1629295825,17938,20.39,15.31,67.39,82.0,0.0,0.0,0.0,0.0,0.0,0.0,0.0,0.0,0,-,0.0,0.0,0
41CC57CC,1629296425,17939,20.3,15.31,67.09,81.86,0.0,0.0,0.0,0.0,0.0,0.0,0.0,0.0,0,-,0.0,0.0,0
41CC57CC,1629297025,17940,19.89,15.38,69.59,81.86,0.0,0.0,0.0,0.0,0.0,0.0,0.0,0.0,0,-,0.0,0.0,0
41CC57CC,1629297625,17941,19.89,15.44,69.3,81.86,0.0,0.0,0.0,0.0,0.0,0.0,0.0,0.0,0,-,0.0,0.0,0
41CC57CC,1629298225,17942,20.19,15.5,68.69,81.72,0.0,0.0,0.0,0.0,0.0,0.0,0.0,0.0,0,-,0.0,0.0,0
41CC57CC,1629298825,17943,19.8,15.56,70.39,81.58,0.0,0.0,0.0,0.0,0.0,0.0,0.0,0.0,0,-,0.0,0.0,0
41CC57CC,1629299425,17944,19.89,15.56,71.39,81.16,0.0,0.0,0.0,0.0,0.0,0.0,0.0,0.0,0,-,0.0,0.0,0
41CC57CC,1629300025,17945,20.3,15.62,71.0,81.03,0.0,0.0,0.0,0.0,0.0,0.0,0.0,0.0,0,-,0.0,0.0,0
41CC57CC,1629300625,17946,21.39,15.69,66.5,80.75,0.0,0.0,0.0,0.0,0.0,0.0,0.0,0.0,0,-,0.0,0.0,0
41CC57CC,1629301225,17947,21.69,15.69,64.09,80.89,0.0,0.0,0.0,0.0,0.0,0.0,0.0,0.0,0,-,0.0,0.0,0
41CC57CC,1629301826,17948,21.89,15.75,60.59,80.89,0.0,0.0,0.0,0.0,0.0,0.0,0.0,0.0,0,-,0.0,0.0,0
41CC57CC,1629302426,17949,21.59,15.81,61.19,80.75,0.0,0.0,0.0,0.0,0.0,0.0,0.0,0.0,0,-,0.0,0.0,0
41CC57CC,1629303026,17950,20.5,15.81,67.39,80.33,0.0,0.0,0.0,0.0,0.0,0.0,0.0,0.0,0,-,0.0,0.0,0
41CC57CC,1629303626,17951,19.8,15.81,71.8,80.33,0.0,0.0,0.0,0.0,0.0,0.0,0.0,0.0,0,-,0.0,0.0,0
41CC57CC,1629304226,17952,19.3,15.88,73.19,80.33,0.0,0.0,0.0,0.0,0.0,0.0,0.0,0.0,0,-,0.0,0.0,0
41CC57CC,1629304826,17953,19.0,15.94,73.5,80.19,0.0,0.0,0.0,0.0,0.0,0.0,0.0,0.0,0,-,0.0,0.0,0
41CC57CC,1629305426,17954,18.5,15.94,75.19,80.19,0.0,0.0,0.0,0.0,0.0,0.0,0.0,0.0,0,-,0.0,0.0,0
41CC57CC,1629306026,17955,18.3,15.94,76.8,80.19,0.0,0.0,0.0,0.0,0.0,0.0,0.0,0.0,0,-,0.0,0.0,0
41CC57CC,1629306626,17956,18.19,16.0,78.3,80.19,0.0,0.0,0.0,0.0,0.0,0.0,0.0,0.0,0,-,0.0,0.0,0
41CC57CC,1629307226,17957,18.09,16.0,78.0,80.19,0.0,0.0,0.0,0.0,0.0,0.0,0.0,0.0,0,-,0.0,0.0,0
41CC57CC,1629307826,17958,17.89,16.0,79.0,80.33,0.0,0.0,0.0,0.0,0.0,0.0,0.0,0.0,0,-,0.0,0.0,0
41CC57CC,1629308426,17959,17.8,16.0,81.19,80.33,0.0,0.0,0.0,0.0,0.0,0.0,0.0,0.0,0,-,0.0,0.0,0
41CC57CC,1629309026,17960,17.5,16.06,80.59,80.05,0.0,0.0,0.0,0.0,0.0,0.0,0.0,0.0,0,-,0.0,0.0,0
41CC57CC,1629309626,17961,17.19,16.06,82.09,80.19,0.0,0.0,0.0,0.0,0.0,0.0,0.0,0.0,0,-,0.0,0.0,0
41CC57CC,1629310226,17962,16.89,16.06,83.5,80.19,0.0,0.0,0.0,0.0,0.0,0.0,0.0,0.0,0,-,0.0,0.0,0
41CC57CC,1629310826,17963,16.69,16.06,85.39,80.19,0.0,0.0,0.0,0.0,0.0,0.0,0.0,0.0,0,-,0.0,0.0,0
41CC57CC,1629311434,17964,16.5,16.06,87.09,80.19,0.0,0.0,0.0,0.0,0.0,0.0,0.0,0.0,0,-,0.0,0.0,0
41CC57CC,1629312032,17965,16.09,16.06,88.59,80.19,0.0,0.0,0.0,0.0,0.0,0.0,0.0,0.0,0,-,0.0,0.0,0
41CC57CC,1629312626,17966,15.69,16.06,90.59,80.19,0.0,0.0,0.0,0.0,0.0,0.0,0.0,0.0,0,-,0.0,0.0,0
41CC57CC,1629313226,17967,15.3,16.06,91.3,80.33,0.0,0.0,0.0,0.0,0.0,0.0,0.0,0.0,0,-,0.0,0.0,0
41CC57CC,1629313826,17968,15.0,16.06,91.89,80.19,0.0,0.0,0.0,0.0,0.0,0.0,0.0,0.0,0,-,0.0,0.0,0
41CC57CC,1629314426,17969,14.69,16.06,92.69,80.19,0.0,0.0,0.0,0.0,0.0,0.0,0.0,0.0,0,-,0.0,0.0,0
41CC57CC,1629315026,17970,14.5,16.06,92.89,80.19,0.0,0.0,0.0,0.0,0.0,0.0,0.0,0.0,0,-,0.0,0.0,0
41CC57CC,1629315626,17971,14.3,16.06,93.69,81.3,0.0,0.0,0.0,0.0,0.0,0.0,0.0,0.0,0,-,0.0,0.0,0
41CC57CC,1629316226,17972,14.19,16.06,94.0,81.3,0.0,0.0,0.0,0.0,0.0,0.0,0.0,0.0,0,-,0.0,0.0,0
41CC57CC,1629316826,17973,14.09,16.0,94.0,81.03,0.0,0.0,0.0,0.0,0.0,0.0,0.0,0.0,0,-,0.0,0.0,0
41CC57CC,1629317426,17974,14.0,16.0,94.3,80.61,0.0,0.0,0.0,0.0,0.0,0.0,0.0,0.0,0,-,0.0,0.0,0
41CC57CC,1629318026,17975,13.89,16.0,94.59,80.33,0.0,0.0,0.0,0.0,0.0,0.0,0.0,0.0,0,-,0.0,0.0,0
41CC57CC,1629318632,17976,13.69,16.0,94.89,80.33,0.0,0.0,0.0,0.0,0.0,0.0,0.0,0.0,0,-,0.0,0.0,0
41CC57CC,1629319226,17977,13.5,15.94,95.19,80.19,0.0,0.0,0.0,0.0,0.0,0.0,0.0,0.0,0,-,0.0,0.0,0
41CC57CC,1629319826,17978,13.3,15.94,95.59,80.47,0.0,0.0,0.0,0.0,0.0,0.0,0.0,0.0,0,-,0.0,0.0,0
41CC57CC,1629320426,17979,13.19,15.94,96.0,80.33,0.0,0.0,0.0,0.0,0.0,0.0,0.0,0.0,0,-,0.0,0.0,0
41CC57CC,1629321026,17980,13.09,15.88,95.69,80.47,0.0,0.0,0.0,0.0,0.0,0.0,0.0,0.0,0,-,0.0,0.0,0
41CC57CC,1629321633,17981,12.89,15.88,96.09,80.05,0.0,0.0,0.0,0.0,0.0,0.0,0.0,0.0,0,-,0.0,0.0,0
41CC57CC,1629322226,17982,12.8,15.81,96.19,79.77,0.0,0.0,0.0,0.0,0.0,0.0,0.0,0.0,0,-,0.0,0.0,0
41CC57CC,1629322826,17983,12.59,15.81,96.69,79.34,0.0,0.0,0.0,0.0,0.0,0.0,0.0,0.0,0,-,0.0,0.0,0
41CC57CC,1629323426,17984,12.5,15.81,96.8,79.08,0.0,0.0,0.0,0.0,0.0,0.0,0.0,0.0,0,-,0.0,0.0,0
41CC57CC,1629324026,17985,12.39,15.75,96.8,79.77,0.0,0.0,0.0,0.0,0.0,0.0,0.0,0.0,0,-,0.0,0.0,0
41CC57CC,1629324626,17986,12.19,15.75,96.89,80.47,0.0,0.0,0.0,0.0,0.0,0.0,0.0,0.0,0,-,0.0,0.0,0
41CC57CC,1629325226,17987,12.19,15.69,97.09,80.75,0.0,0.0,0.0,0.0,0.0,0.0,0.0,0.0,0,-,0.0,0.0,0
41CC57CC,1629325826,17988,12.09,15.69,97.5,80.75,0.0,0.0,0.0,0.0,0.0,0.0,0.0,0.0,0,-,0.0,0.0,0
41CC57CC,1629326426,17989,12.0,15.62,97.3,80.61,0.0,0.0,0.0,0.0,0.0,0.0,0.0,0.0,0,-,0.0,0.0,0
41CC57CC,1629327026,17990,11.89,15.56,97.19,80.33,0.0,0.0,0.0,0.0,0.0,0.0,0.0,0.0,0,-,0.0,0.0,0
41CC57CC,1629327626,17991,11.89,15.56,97.5,80.47,0.0,0.0,0.0,0.0,0.0,0.0,0.0,0.0,0,-,0.0,0.0,0
41CC57CC,1629328226,17992,11.69,15.5,97.5,80.61,0.0,0.0,0.0,0.0,0.0,0.0,0.0,0.0,0,-,0.0,0.0,0
41CC57CC,1629328826,17993,11.69,15.5,97.5,80.61,0.0,0.0,0.0,0.0,0.0,0.0,0.0,0.0,0,-,0.0,0.0,0
41CC57CC,1629329426,17994,11.59,15.44,97.59,80.47,0.0,0.0,0.0,0.0,0.0,0.0,0.0,0.0,0,-,0.0,0.0,0
41CC57CC,1629330026,17995,11.69,15.38,98.19,80.61,0.0,0.0,0.0,0.0,0.0,0.0,0.0,0.0,0,-,0.0,0.0,0
41CC57CC,1629330626,17996,11.8,15.38,98.0,80.75,0.0,0.0,0.0,0.0,0.0,0.0,0.0,0.0,0,-,0.0,0.0,0
41CC57CC,1629331226,17997,11.89,15.31,97.89,80.47,0.0,0.0,0.0,0.0,0.0,0.0,0.0,0.0,0,-,0.0,0.0,0
41CC57CC,1629331826,17998,12.0,15.31,98.0,80.19,0.0,0.0,0.0,0.0,0.0,0.0,0.0,0.0,0,-,0.0,0.0,0
41CC57CC,1629332426,17999,12.09,15.25,97.89,79.91,0.0,0.0,0.0,0.0,0.0,0.0,0.0,0.0,0,-,0.0,0.0,0
41CC57CC,1629333026,18000,12.09,15.19,97.8,79.62,0.0,0.0,0.0,0.0,0.0,0.0,0.0,0.0,0,-,0.0,0.0,0
41CC57CC,1629333626,18001,12.19,15.19,97.69,79.22,0.0,0.0,0.0,0.0,0.0,0.0,0.0,0.0,0,-,0.0,0.0,0
41CC57CC,1629334226,18002,12.19,15.12,97.89,79.08,0.0,0.0,0.0,0.0,0.0,0.0,0.0,0.0,0,-,0.0,0.0,0
41CC57CC,1629334826,18003,12.39,15.12,97.69,79.08,0.0,0.0,0.0,0.0,0.0,0.0,0.0,0.0,0,-,0.0,0.0,0
41CC57CC,1629335426,18004,12.39,15.06,97.5,78.94,0.0,0.0,0.0,0.0,0.0,0.0,0.0,0.0,0,-,0.0,0.0,0
41CC57CC,1629336026,18005,12.5,15.0,97.59,79.08,0.0,0.0,0.0,0.0,0.0,0.0,0.0,0.0,0,-,0.0,0.0,0
41CC57CC,1629336626,18006,12.5,15.0,97.59,79.22,0.0,0.0,0.0,0.0,0.0,0.0,0.0,0.0,0,-,0.0,0.0,0
41CC57CC,1629337226,18007,12.59,14.94,97.69,79.22,0.0,0.0,0.0,0.0,0.0,0.0,0.0,0.0,0,-,0.0,0.0,0
41CC57CC,1629337826,18008,12.69,14.94,97.69,79.08,0.0,0.0,0.0,0.0,0.0,0.0,0.0,0.0,0,-,0.0,0.0,0
41CC57CC,1629338426,18009,12.8,14.88,97.59,79.22,0.0,0.0,0.0,0.0,0.0,0.0,0.0,0.0,0,-,0.0,0.0,0
41CC57CC,1629339026,18010,12.69,14.88,97.5,79.62,0.0,0.0,0.0,0.0,0.0,0.0,0.0,0.0,0,-,0.0,0.0,0
41CC57CC,1629339626,18011,12.8,14.81,97.59,79.62,0.0,0.0,0.0,0.0,0.0,0.0,0.0,0.0,0,-,0.0,0.0,0
41CC57CC,1629340226,18012,12.89,14.81,97.69,79.62,0.0,0.0,0.0,0.0,0.0,0.0,0.0,0.0,0,-,0.0,0.0,0
41CC57CC,1629340826,18013,13.0,14.75,97.59,79.77,0.0,0.0,0.0,0.0,0.0,0.0,0.0,0.0,0,-,0.0,0.0,0
41CC57CC,1629341426,18014,13.0,14.75,97.59,79.77,0.0,0.0,0.0,0.0,0.0,0.0,0.0,0.0,0,-,0.0,0.0,0
41CC57CC,1629342026,18015,13.0,14.69,97.59,79.91,0.0,0.0,0.0,0.0,0.0,0.0,0.0,0.0,0,-,0.0,0.0,0
41CC57CC,1629342626,18016,13.09,14.69,97.69,80.05,0.0,0.0,0.0,0.0,0.0,0.0,0.0,0.0,0,-,0.0,0.0,0
41CC57CC,1629343226,18017,13.09,14.69,97.69,80.19,0.0,0.0,0.0,0.0,0.0,0.0,0.0,0.0,0,-,0.0,0.0,0
41CC57CC,1629343826,18018,13.09,14.62,97.8,80.19,0.0,0.0,0.0,0.0,0.0,0.0,0.0,0.0,0,-,0.0,0.0,0
41CC57CC,1629344426,18019,13.19,14.62,97.8,80.19,0.0,0.0,0.0,0.0,0.0,0.0,0.0,0.0,0,-,0.0,0.0,0
41CC57CC,1629345029,18020,13.19,14.56,97.8,80.19,0.0,0.0,0.0,0.0,0.0,0.0,0.0,0.0,0,-,0.0,0.0,0
